n,order_n,name,kind,stage,when,confirmed,checked_on,organizer_url
4,2,Всероссийская академическая олимпиада школьников имени В.И. Вернадского,этап,Олимпиада целиком,"проводится с 1 сентября по 1 апреля, два обязательных этапа (ежегодная рамка Положения, без года сезона)",нет,2026-09-27,https://vernadsky.info/info/olymp/terms/
4,2,Всероссийская академическая олимпиада школьников имени В.И. Вернадского,этап,"Первый, отборочный заочный этап",до 1 марта текущего учебного года (ежегодная рамка),нет,2026-09-27,https://vernadsky.info/info/olymp/terms/
4,2,Всероссийская академическая олимпиада школьников имени В.И. Вернадского,этап,Итоги отборочного этапа,до 10 марта (ежегодная рамка),нет,2026-09-27,https://vernadsky.info/info/olymp/terms/
4,2,Всероссийская академическая олимпиада школьников имени В.И. Вернадского,этап,"Второй, заключительный очный этап","Положение — с 1 февраля по 1 апреля, Регламент — с 1 марта по 1 апреля; документы организатора расходятся",нет,2026-09-27,https://vernadsky.info/info/olymp/terms/
5,3,Всероссийская междисциплинарная олимпиада школьников 8–11 классов «Национальная технологическая олимпиада»,регистрация,,"запись открыта 26 августа — 22 октября 2026, окно одно на весь старший трек: отдельной записи на математические профили нет",да,2026-10-05,https://ntcontest.ru/participants/schedule/
5,3,Всероссийская междисциплинарная олимпиада школьников 8–11 классов «Национальная технологическая олимпиада»,этап,"Регистрация старшего трека, 8–11 классы",26 августа — 22 октября 2026,да,2026-10-05,https://ntcontest.ru/participants/schedule/
5,3,Всероссийская междисциплинарная олимпиада школьников 8–11 классов «Национальная технологическая олимпиада»,этап,"Этап I, индивидуальный отборочный",17 сентября — 23 октября 2026,да,2026-10-05,https://ntcontest.ru/participants/schedule/
5,3,Всероссийская междисциплинарная олимпиада школьников 8–11 классов «Национальная технологическая олимпиада»,этап,"Этап II, командный отборочный","5 ноября — 7 декабря 2026 (ручная проверка), до 11 декабря (автоматическая)",да,2026-10-05,https://ntcontest.ru/participants/schedule/
5,3,Всероссийская междисциплинарная олимпиада школьников 8–11 классов «Национальная технологическая олимпиада»,этап,Заключительный этап (финал),"февраль — апрель 2027, дни организатор не называет",да,2026-10-05,https://ntcontest.ru/participants/schedule/
5,3,Всероссийская междисциплинарная олимпиада школьников 8–11 классов «Национальная технологическая олимпиада»,этап,"Регистрация старшего трека, 8–11 классы — профили биологии старшего трека",26 августа — 22 октября 2026,да,2026-10-05,https://ntcontest.ru/participants/schedule/
5,3,Всероссийская междисциплинарная олимпиада школьников 8–11 классов «Национальная технологическая олимпиада»,этап,"Этап I, индивидуальный отборочный — профили биологии старшего трека",17 сентября — 23 октября 2026,да,2026-10-05,https://ntcontest.ru/participants/schedule/
5,3,Всероссийская междисциплинарная олимпиада школьников 8–11 классов «Национальная технологическая олимпиада»,этап,"Этап II, командный отборочный — профили биологии старшего трека","5 ноября — 7 декабря 2026 (ручная проверка), до 11 декабря (автоматическая)",да,2026-10-05,https://ntcontest.ru/participants/schedule/
5,3,Всероссийская междисциплинарная олимпиада школьников 8–11 классов «Национальная технологическая олимпиада»,этап,Заключительный этап (финал) — профили биологии старшего трека,"февраль — апрель 2027, дни организатор не называет",да,2026-10-05,https://ntcontest.ru/participants/schedule/
5,3,Всероссийская междисциплинарная олимпиада школьников 8–11 классов «Национальная технологическая олимпиада»,этап,Регистрация старшего трека по химии,26 августа — 22 октября 2026,да,2026-10-06,https://ntcontest.ru/participants/schedule/
5,3,Всероссийская междисциплинарная олимпиада школьников 8–11 классов «Национальная технологическая олимпиада»,этап,Отборочный этап I старшего трека по химии,17 сентября — 23 октября 2026,да,2026-10-06,https://ntcontest.ru/participants/schedule/
5,3,Всероссийская междисциплинарная олимпиада школьников 8–11 классов «Национальная технологическая олимпиада»,этап,Отборочный этап II старшего трека по химии,"5 ноября — 7 декабря 2026 (ручная проверка), до 11 декабря (автоматическая)",да,2026-10-06,https://ntcontest.ru/participants/schedule/
5,3,Всероссийская междисциплинарная олимпиада школьников 8–11 классов «Национальная технологическая олимпиада»,этап,Финалы химических профилей старшего трека по химии,февраль — апрель 2027; точные дни не названы,да,2026-10-06,https://ntcontest.ru/participants/schedule/
5,3,Всероссийская междисциплинарная олимпиада школьников 8–11 классов «Национальная технологическая олимпиада»,этап,"Закрытие отборочного этапа I старшего трека, включая химию",23 октября 2026,да,2026-10-06,https://ntcontest.ru/participants/schedule/
5,3,Всероссийская междисциплинарная олимпиада школьников 8–11 классов «Национальная технологическая олимпиада»,этап,"Закрытие этапа II с ручной проверкой, включая химию",7 декабря 2026,да,2026-10-06,https://ntcontest.ru/participants/schedule/
5,3,Всероссийская междисциплинарная олимпиада школьников 8–11 классов «Национальная технологическая олимпиада»,этап,"Закрытие этапа II с автоматической проверкой, включая химию",11 декабря 2026,да,2026-10-06,https://ntcontest.ru/participants/schedule/
6,4,Всероссийская олимпиада по агрогенетике «Иннагрика»,регистрация,,"1 сентября — 15 октября 2026, единая запись на все профили",да,2026-10-06,https://innagrika.ru/olimpiada/
6,4,Всероссийская олимпиада по агрогенетике «Иннагрика»,этап,Регистрация участников,1 сентября — 15 октября 2026,да,2026-10-06,https://innagrika.ru/olimpiada/
6,4,Всероссийская олимпиада по агрогенетике «Иннагрика»,этап,"Подготовка к отборочному этапу, онлайн-курс",октябрь 2026,да,2026-10-06,https://innagrika.ru/olimpiada/
6,4,Всероссийская олимпиада по агрогенетике «Иннагрика»,этап,"Отборочный этап, дистанционно",16–18 октября 2026,да,2026-10-06,https://innagrika.ru/olimpiada/
6,4,Всероссийская олимпиада по агрогенетике «Иннагрика»,этап,"Подготовка к полуфиналу, онлайн-курс",20 октября — 15 ноября 2026,да,2026-10-06,https://innagrika.ru/olimpiada/
6,4,Всероссийская олимпиада по агрогенетике «Иннагрика»,этап,"Полуфинал, очно (Воронеж, Владивосток, Саратов, Москва)",16–21 ноября 2026,да,2026-10-06,https://innagrika.ru/olimpiada/
6,4,Всероссийская олимпиада по агрогенетике «Иннагрика»,этап,"Подготовка к финалу, онлайн-курс",декабрь 2026,да,2026-10-06,https://innagrika.ru/olimpiada/
6,4,Всероссийская олимпиада по агрогенетике «Иннагрика»,этап,"Финал, очно",13–19 декабря 2026 по таблице этапов; в FAQ окончание — 20 декабря 2026,нет,2026-10-06,https://innagrika.ru/olimpiada/
7,5,Всероссийская олимпиада по искусственному интеллекту (с возможностью участия иностранных обучающихся),регистрация,,1 июля — 20 сентября 2026,да,2026-10-08,https://ai.edu.gov.ru/
7,5,Всероссийская олимпиада по искусственному интеллекту (с возможностью участия иностранных обучающихся),этап,Тренировочный этап и регистрация,1 июля — 20 сентября 2026,да,2026-10-08,https://ai.edu.gov.ru/
7,5,Всероссийская олимпиада по искусственному интеллекту (с возможностью участия иностранных обучающихся),этап,Вебинар по подготовке к отборочному этапу,19 сентября,да,2026-10-08,https://ai.edu.gov.ru/
7,5,Всероссийская олимпиада по искусственному интеллекту (с возможностью участия иностранных обучающихся),этап,Отборочный этап,21 сентября — 6 октября,да,2026-10-08,https://ai.edu.gov.ru/
7,5,Всероссийская олимпиада по искусственному интеллекту (с возможностью участия иностранных обучающихся),этап,Результаты отборочного этапа и разбор заданий,12 октября 2026; проходной балл и список приглашённых до 23:59 МСК; разбор в 15:00 МСК,да,2026-10-08,https://ai.edu.gov.ru/
7,5,Всероссийская олимпиада по искусственному интеллекту (с возможностью участия иностранных обучающихся),этап,"Основной этап, тур 1, онлайн без прокторинга","14 октября 2026, 10:00 — 16 октября 2026, 23:59 МСК; три задачи по ML без прокторинга",да,2026-10-08,https://ai.edu.gov.ru/
7,5,Всероссийская олимпиада по искусственному интеллекту (с возможностью участия иностранных обучающихся),этап,Итоги тура 1,17 октября,да,2026-10-08,https://ai.edu.gov.ru/
7,5,Всероссийская олимпиада по искусственному интеллекту (с возможностью участия иностранных обучающихся),этап,"Основной этап, тур 2","18 октября, лучшие 25% рейтинга решают одну задачу по ML с прокторингом, 10:00–12:00 МСК",да,2026-10-08,https://ai.edu.gov.ru/
7,5,Всероссийская олимпиада по искусственному интеллекту (с возможностью участия иностранных обучающихся),этап,Заключительный этап,16–21 ноября,да,2026-10-08,https://ai.edu.gov.ru/
7,5,Всероссийская олимпиада по искусственному интеллекту (с возможностью участия иностранных обучающихся),этап,Итоги олимпиады и апелляция,20 ноября — у организатора стоит внутри окна заключительного этапа,да,2026-10-08,https://ai.edu.gov.ru/
7,5,Всероссийская олимпиада по искусственному интеллекту (с возможностью участия иностранных обучающихся),этап,Награждение победителей и призёров,21 ноября,да,2026-10-08,https://ai.edu.gov.ru/
8,6,Всероссийская олимпиада школьников «Высшая проба»,регистрация,,"запись на большинство профилей — 20 августа — 22 сентября 2026 до 14:00 МСК (запись закрыта); у «Анализа данных» своё окно: 31 августа — 8 октября 2026 до 10:00 МСК по объявлению ДАНО от 6 октября; у «Промышленного программирования» запись отдельная, срока организатор не публикует",да,2026-10-05,https://olymp.hse.ru/mmo/
8,6,Всероссийская олимпиада школьников «Высшая проба»,этап,Регистрация,"20 августа — 22 сентября 2026, до 14:00 МСК",да,2026-10-05,https://olymp.hse.ru/mmo/
8,6,Всероссийская олимпиада школьников «Высшая проба»,этап,Регистрация на профиль «Анализ данных»,"31 августа — 8 октября 2026, до 10:00 МСК, отдельная от общей записи; продление объявлено ДАНО 6 октября: https://www.hse.ru/news/edu/1207111541.html",да,2026-10-05,https://olymp.hse.ru/mmo/
8,6,Всероссийская олимпиада школьников «Высшая проба»,этап,"Отборочный этап, 1 тур",25 сентября — 11 октября 2026,да,2026-10-05,https://olymp.hse.ru/mmo/
8,6,Всероссийская олимпиада школьников «Высшая проба»,этап,"Отборочный этап, 2 тур",13–22 ноября 2026,да,2026-10-05,https://olymp.hse.ru/mmo/
8,6,Всероссийская олимпиада школьников «Высшая проба»,этап,Заключительный этап,5–15 февраля 2027,да,2026-10-05,https://olymp.hse.ru/mmo/
8,6,Всероссийская олимпиада школьников «Высшая проба»,этап,Попрофильное расписание 1 тура,"25 сентября — 4 октября 2026, у каждого профиля свой день; утверждено протоколом оргкомитета от 11 сентября 2026",да,2026-10-05,https://olymp.hse.ru/mmo/
8,6,Всероссийская олимпиада школьников «Высшая проба»,этап,Попрофильное расписание 2 тура и заключительного этапа,"организатор обещает дни второго тура в октябре, заключительного — в январе 2027",нет,2026-10-05,https://olymp.hse.ru/mmo/
8,6,Всероссийская олимпиада школьников «Высшая проба»,этап,Первый тур отбора по химии,"26 сентября 2026: 8–10 классы 14:00 МСК, 11 класс 13:20 МСК; 40 минут",да,2026-10-06,https://olymp.hse.ru/mmo/timetable
8,6,Всероссийская олимпиада школьников «Высшая проба»,этап,"Общее окно второго тура, день химии ещё не назван по химии",13–22 ноября 2026,да,2026-10-06,https://olymp.hse.ru/mmo/timetable1
8,6,Всероссийская олимпиада школьников «Высшая проба»,этап,"Общее окно финала, день химии ещё не назван по химии",5–15 февраля 2027,да,2026-10-06,https://olymp.hse.ru/mmo/timetable2
8,6,Всероссийская олимпиада школьников «Высшая проба»,этап,"Конец общего окна второго тура, отдельный день химии ещё не назван",22 ноября 2026,да,2026-10-06,https://olymp.hse.ru/mmo/chemistry
8,6,Всероссийская олимпиада школьников «Высшая проба»,этап,"Конец общего окна финала, отдельный день химии ещё не назван",15 февраля 2027,да,2026-10-06,https://olymp.hse.ru/mmo/chemistry
9,7,Всероссийская олимпиада школьников «Миссия выполнима Твое призвание - финансист!»,регистрация,,"сентябрь — ноябрь 2026; точных дней организатор пока не назвал; опубликованный кабинет открывается на форму входа, наличие аккаунта не подтверждает участие в олимпиаде",да,2026-10-06,https://www.fa.ru/for-applicants/olympiads/mission/
9,7,Всероссийская олимпиада школьников «Миссия выполнима Твое призвание - финансист!»,этап,Регистрация участников,сентябрь — ноябрь 2026,да,2026-10-06,https://www.fa.ru/for-applicants/olympiads/mission/
9,7,Всероссийская олимпиада школьников «Миссия выполнима Твое призвание - финансист!»,этап,"Первый (отборочный, заочный) этап, онлайн",начало декабря 2026,да,2026-10-06,https://www.fa.ru/for-applicants/olympiads/mission/
9,7,Всероссийская олимпиада школьников «Миссия выполнима Твое призвание - финансист!»,этап,Списки победителей и призёров отборочного этапа,декабрь 2026,да,2026-10-06,https://www.fa.ru/for-applicants/olympiads/mission/
9,7,Всероссийская олимпиада школьников «Миссия выполнима Твое призвание - финансист!»,этап,"Второй (заключительный, очный) этап",январь — февраль 2027 по расписанию,да,2026-10-06,https://www.fa.ru/for-applicants/olympiads/mission/
9,7,Всероссийская олимпиада школьников «Миссия выполнима Твое призвание - финансист!»,этап,Апелляция заключительного этапа,февраль 2027,да,2026-10-06,https://www.fa.ru/for-applicants/olympiads/mission/
10,8,Всероссийская олимпиада школьников «Юридические высоты!»,регистрация,,1 сентября 2026 — 11 января 2027,да,2026-10-04,https://www.usla.ru/entrance/olimp-yuridich-vysoty/
10,8,Всероссийская олимпиада школьников «Юридические высоты!»,этап,Регистрация,1 сентября 2026 — 11 января 2027,да,2026-10-04,https://www.usla.ru/entrance/olimp-yuridich-vysoty/
10,8,Всероссийская олимпиада школьников «Юридические высоты!»,этап,Отборочный этап,24 января 2027,да,2026-10-04,https://www.usla.ru/entrance/olimp-yuridich-vysoty/
10,8,Всероссийская олимпиада школьников «Юридические высоты!»,этап,Заключительный этап,27 февраля 2027,да,2026-10-04,https://www.usla.ru/entrance/olimp-yuridich-vysoty/
11,9,Всероссийская Сеченовская олимпиада школьников,регистрация,,с 00:01 МСК 1 октября до 23:59 МСК 29 октября 2026; регистрация общая на олимпиады по биологии и по химии и на первый (отборочный) этап,да,2026-10-05,https://www.sechenov.ru/univers/structure/institute/institut-profilnogo-obucheniya-impuls/otdel-organizatsii-i-provedeniya-olimpiad-konferen/vserossiyskaya-sechenovskaya-olimpiada-shkolnikov/
11,9,Всероссийская Сеченовская олимпиада школьников,этап,Регистрация на олимпиаду и первый (отборочный) этап,с 00:01 МСК 1 октября 2026 года до 23:59 МСК 29 октября 2026 года,да,2026-10-05,https://www.sechenov.ru/univers/structure/institute/institut-profilnogo-obucheniya-impuls/otdel-organizatsii-i-provedeniya-olimpiad-konferen/vserossiyskaya-sechenovskaya-olimpiada-shkolnikov/
11,9,Всероссийская Сеченовская олимпиада школьников,этап,Проведение первого (отборочного) этапа,с 00:01 МСК 10 ноября 2026 года до 23:59 МСК 30 ноября 2026 года,да,2026-10-05,https://www.sechenov.ru/univers/structure/institute/institut-profilnogo-obucheniya-impuls/otdel-organizatsii-i-provedeniya-olimpiad-konferen/vserossiyskaya-sechenovskaya-olimpiada-shkolnikov/
11,9,Всероссийская Сеченовская олимпиада школьников,этап,Проверка работ участников,с 1 декабря 2026 года по 4 декабря 2026 года,да,2026-10-05,https://www.sechenov.ru/univers/structure/institute/institut-profilnogo-obucheniya-impuls/otdel-organizatsii-i-provedeniya-olimpiad-konferen/vserossiyskaya-sechenovskaya-olimpiada-shkolnikov/
11,9,Всероссийская Сеченовская олимпиада школьников,этап,Предварительные результаты,8 декабря 2026 года,да,2026-10-05,https://www.sechenov.ru/univers/structure/institute/institut-profilnogo-obucheniya-impuls/otdel-organizatsii-i-provedeniya-olimpiad-konferen/vserossiyskaya-sechenovskaya-olimpiada-shkolnikov/
11,9,Всероссийская Сеченовская олимпиада школьников,этап,Апелляции,11 декабря 2026 года,да,2026-10-05,https://www.sechenov.ru/univers/structure/institute/institut-profilnogo-obucheniya-impuls/otdel-organizatsii-i-provedeniya-olimpiad-konferen/vserossiyskaya-sechenovskaya-olimpiada-shkolnikov/
11,9,Всероссийская Сеченовская олимпиада школьников,этап,Окончательные результаты отборочного этапа,18 декабря 2026 года,да,2026-10-05,https://www.sechenov.ru/univers/structure/institute/institut-profilnogo-obucheniya-impuls/otdel-organizatsii-i-provedeniya-olimpiad-konferen/vserossiyskaya-sechenovskaya-olimpiada-shkolnikov/
11,9,Всероссийская Сеченовская олимпиада школьников,этап,"Заключительный этап по биологии, 5–7 классы",7 февраля 2026 (сезон 2025/26),нет,2026-10-05,https://www.sechenov.ru/univers/structure/institute/institut-profilnogo-obucheniya-impuls/otdel-organizatsii-i-provedeniya-olimpiad-konferen/vserossiyskaya-sechenovskaya-olimpiada-shkolnikov/
11,9,Всероссийская Сеченовская олимпиада школьников,этап,"Заключительный этап по биологии, 8–9 классы",8 февраля 2026 (сезон 2025/26),нет,2026-10-05,https://www.sechenov.ru/univers/structure/institute/institut-profilnogo-obucheniya-impuls/otdel-organizatsii-i-provedeniya-olimpiad-konferen/vserossiyskaya-sechenovskaya-olimpiada-shkolnikov/
11,9,Всероссийская Сеченовская олимпиада школьников,этап,"Заключительный этап по биологии, 10 класс",14 февраля 2026 (сезон 2025/26),нет,2026-10-05,https://www.sechenov.ru/univers/structure/institute/institut-profilnogo-obucheniya-impuls/otdel-organizatsii-i-provedeniya-olimpiad-konferen/vserossiyskaya-sechenovskaya-olimpiada-shkolnikov/
11,9,Всероссийская Сеченовская олимпиада школьников,этап,"Заключительный этап по биологии, 11 класс",15 февраля 2026 (сезон 2025/26),нет,2026-10-05,https://www.sechenov.ru/univers/structure/institute/institut-profilnogo-obucheniya-impuls/otdel-organizatsii-i-provedeniya-olimpiad-konferen/vserossiyskaya-sechenovskaya-olimpiada-shkolnikov/
11,9,Всероссийская Сеченовская олимпиада школьников,этап,Награждение победителей и призёров,3 апреля 2026 (сезон 2025/26),нет,2026-10-05,https://www.sechenov.ru/univers/structure/institute/institut-profilnogo-obucheniya-impuls/otdel-organizatsii-i-provedeniya-olimpiad-konferen/vserossiyskaya-sechenovskaya-olimpiada-shkolnikov/
11,9,Всероссийская Сеченовская олимпиада школьников,этап,Регистрация по химии,1 октября 2026 00:01 — 29 октября 2026 23:59 МСК,да,2026-10-06,https://www.sechenov.ru/univers/structure/institute/institut-profilnogo-obucheniya-impuls/otdel-organizatsii-i-provedeniya-olimpiad-konferen/vserossiyskaya-sechenovskaya-olimpiada-shkolnikov/
11,9,Всероссийская Сеченовская олимпиада школьников,этап,Отборочный этап по химии,10 ноября 2026 00:01 — 30 ноября 2026 23:59 МСК,да,2026-10-06,https://www.sechenov.ru/univers/structure/institute/institut-profilnogo-obucheniya-impuls/otdel-organizatsii-i-provedeniya-olimpiad-konferen/vserossiyskaya-sechenovskaya-olimpiada-shkolnikov/
11,9,Всероссийская Сеченовская олимпиада школьников,этап,"Период заключительного этапа, день ещё не назван по химии",1 февраля — 1 апреля 2027,нет,2026-10-06,https://www.sechenov.ru/univers/structure/institute/institut-profilnogo-obucheniya-impuls/otdel-organizatsii-i-provedeniya-olimpiad-konferen/vserossiyskaya-sechenovskaya-olimpiada-shkolnikov/
11,9,Всероссийская Сеченовская олимпиада школьников,этап,"Закрытие отбора по химии, 23:59 МСК","30 ноября 2026, 23:59 МСК",да,2026-10-06,https://www.sechenov.ru/univers/structure/institute/institut-profilnogo-obucheniya-impuls/otdel-organizatsii-i-provedeniya-olimpiad-konferen/vserossiyskaya-sechenovskaya-olimpiada-shkolnikov/
11,9,Всероссийская Сеченовская олимпиада школьников,этап,Предварительные итоги отбора по химии,8 декабря 2026,да,2026-10-06,https://www.sechenov.ru/upload/iblock/831/7ezgds9q0zbxd1o8ouv8wr268i81psl5/Reglament-VSOSH-khimiya-26_27.pdf
11,9,Всероссийская Сеченовская олимпиада школьников,этап,Рассмотрение апелляций отбора по химии,11 декабря 2026,да,2026-10-06,https://www.sechenov.ru/upload/iblock/831/7ezgds9q0zbxd1o8ouv8wr268i81psl5/Reglament-VSOSH-khimiya-26_27.pdf
11,9,Всероссийская Сеченовская олимпиада школьников,этап,Окончательные итоги отбора по химии,18 декабря 2026,да,2026-10-06,https://www.sechenov.ru/upload/iblock/831/7ezgds9q0zbxd1o8ouv8wr268i81psl5/Reglament-VSOSH-khimiya-26_27.pdf
12,10,Всероссийская Толстовская олимпиада,регистрация,,"По объявлению, прочитанному 5 октября: с 1 декабря 2026 до 1 января 2027. На 6 октября сайт сообщает о временной приостановке работы, календарь недоступен. Ранее опубликованные часы закрытия расходятся: 00:00, 20:59 и 23:59 МСК; согласованный час не установлен.",да,2026-10-06,https://olymp.tsput.ru/
12,10,Всероссийская Толстовская олимпиада,этап,"Регистрация, профили «Обществознание» и «Право»","1 декабря 2026, 09:00 — 1 января 2027, 20:59 МСК по странице профиля; общая регистрация указывает 23:59 МСК; объявление прочитано 5 октября, на 6 октября календарь недоступен: работа сайта временно приостановлена",да,2026-10-06,https://olymp.tsput.ru/
12,10,Всероссийская Толстовская олимпиада,этап,"Отборочный (заочный) этап, профили «Обществознание» и «Право»","1 декабря 2026, 09:00 — 1 января 2027, 20:59 МСК по странице профиля; часы закрытия расходятся с общей регистрацией; объявление прочитано 5 октября, на 6 октября календарь недоступен: работа сайта временно приостановлена",да,2026-10-06,https://olymp.tsput.ru/
12,10,Всероссийская Толстовская олимпиада,этап,Заключительный (очный) этап,график сезона 2026/27 ещё не опубликован,нет,2026-10-06,https://olymp.tsput.ru/
14,11,Всесибирская открытая олимпиада школьников,регистрация,,"запись на отборочный по математике — 28 сентября — 16 октября 2026 (11:00 по Новосибирску); на заключительный этап записывают отдельно, 1–12 февраля 2027",да,2026-10-06,https://sesc.nsu.ru/olymp-vsesib/sections/biology/
14,11,Всесибирская открытая олимпиада школьников,этап,Регистрация на отборочный этап,"28 сентября — 16 октября 2026, 11:00 по новосибирскому времени",да,2026-10-06,https://sesc.nsu.ru/olymp-vsesib/sections/biology/
14,11,Всесибирская открытая олимпиада школьников,этап,Отборочный этап по математике,"18 октября 2026, 11:00 по новосибирскому времени",да,2026-10-06,https://sesc.nsu.ru/olymp-vsesib/sections/biology/
14,11,Всесибирская открытая олимпиада школьников,этап,Регистрация на заключительный этап,"1–12 февраля 2027, 11:00 по новосибирскому времени",да,2026-10-06,https://sesc.nsu.ru/olymp-vsesib/sections/biology/
14,11,Всесибирская открытая олимпиада школьников,этап,Заключительный этап по математике,"14 февраля 2027, 11:00 по новосибирскому времени",да,2026-10-06,https://sesc.nsu.ru/olymp-vsesib/sections/biology/
14,11,Всесибирская открытая олимпиада школьников,этап,Регистрация на отборочный этап по физике,"26 октября — 13 ноября 2026, 11:00 по новосибирскому времени; закрывается за 48 часов до этапа",да,2026-10-06,https://sesc.nsu.ru/olymp-vsesib/sections/biology/
14,11,Всесибирская открытая олимпиада школьников,этап,Отборочный этап по физике,"15 ноября 2026, 11:00 по новосибирскому времени",да,2026-10-06,https://sesc.nsu.ru/olymp-vsesib/sections/biology/
14,11,Всесибирская открытая олимпиада школьников,этап,Заключительный этап по физике,"14 марта 2027, 11:00 по новосибирскому времени",да,2026-10-06,https://sesc.nsu.ru/olymp-vsesib/sections/biology/
14,11,Всесибирская открытая олимпиада школьников,этап,Регистрация на отборочный этап по биологии,"12–30 октября 2026, 11:00 по новосибирскому времени",да,2026-10-06,https://sesc.nsu.ru/olymp-vsesib/sections/biology/
14,11,Всесибирская открытая олимпиада школьников,этап,Отборочный этап по биологии,"1 ноября 2026, 11:00 по новосибирскому времени",да,2026-10-06,https://sesc.nsu.ru/olymp-vsesib/sections/biology/
14,11,Всесибирская открытая олимпиада школьников,этап,Итоги отборочного этапа по биологии,20 декабря,да,2026-10-06,https://sesc.nsu.ru/olymp-vsesib/sections/biology/
14,11,Всесибирская открытая олимпиада школьников,этап,Заключительный этап по биологии,"7 марта 2027, 11:00 по Новосибирску — текст профиля и предварительная общая таблица; лента на странице профиля называет 6 марта 2027; источники расходятся",нет,2026-10-06,https://sesc.nsu.ru/olymp-vsesib/sections/biology/
14,11,Всесибирская открытая олимпиада школьников,этап,Итоговые результаты по биологии,4 апреля,да,2026-10-06,https://sesc.nsu.ru/olymp-vsesib/sections/biology/
14,11,Всесибирская открытая олимпиада школьников,этап,Регистрация на отборочный этап по информатике,"19 октября — 6 ноября 2026, 11:00 по новосибирскому времени",да,2026-10-06,https://sesc.nsu.ru/olymp-vsesib/sections/biology/
14,11,Всесибирская открытая олимпиада школьников,этап,Отборочный этап по информатике,"8 ноября 2026, 11:00 по новосибирскому времени, 5 часов",да,2026-10-06,https://sesc.nsu.ru/olymp-vsesib/sections/biology/
14,11,Всесибирская открытая олимпиада школьников,этап,Итоги отборочного этапа по информатике,25 декабря 2026,да,2026-10-06,https://sesc.nsu.ru/olymp-vsesib/sections/biology/
14,11,Всесибирская открытая олимпиада школьников,этап,Регистрация на заключительный этап по информатике,1–19 февраля 2027,да,2026-10-06,https://sesc.nsu.ru/olymp-vsesib/sections/biology/
14,11,Всесибирская открытая олимпиада школьников,этап,Заключительный этап по информатике,"21 февраля 2027, 11:00 по новосибирскому времени",да,2026-10-06,https://sesc.nsu.ru/olymp-vsesib/sections/biology/
14,11,Всесибирская открытая олимпиада школьников,этап,Итоги заключительного этапа по информатике,21 марта 2027,да,2026-10-06,https://sesc.nsu.ru/olymp-vsesib/sections/biology/
14,11,Всесибирская открытая олимпиада школьников,этап,Регистрация на заключительный этап по биологии,"1 февраля — 5 марта 2027, 11:00 по новосибирскому времени",да,2026-10-06,https://sesc.nsu.ru/olymp-vsesib/sections/biology/
14,11,Всесибирская открытая олимпиада школьников,этап,Регистрация на отбор по химии,"26 октября — 20 ноября 2026, до 11:00 по новосибирскому времени",да,2026-10-06,https://sesc.nsu.ru/olymp-vsesib/sections/chemistry/
14,11,Всесибирская открытая олимпиада школьников,этап,Отборочный этап по химии,"22 ноября 2026, 11:00 по новосибирскому времени",да,2026-10-06,https://sesc.nsu.ru/olymp-vsesib/sections/chemistry/
14,11,Всесибирская открытая олимпиада школьников,этап,Окончательные итоги отбора по химии,25 декабря 2026,да,2026-10-06,https://sesc.nsu.ru/olymp-vsesib/sections/chemistry/
14,11,Всесибирская открытая олимпиада школьников,этап,Регистрация на финал по химии,"1–26 февраля 2027, до 11:00 по новосибирскому времени",да,2026-10-06,https://sesc.nsu.ru/olymp-vsesib/sections/chemistry/
14,11,Всесибирская открытая олимпиада школьников,этап,Заключительный этап по химии,"28 февраля 2027, 11:00 по новосибирскому времени",да,2026-10-06,https://sesc.nsu.ru/olymp-vsesib/sections/chemistry/
14,11,Всесибирская открытая олимпиада школьников,этап,Финальные итоги по химии,28 марта 2027,да,2026-10-06,https://sesc.nsu.ru/olymp-vsesib/sections/chemistry/
14,11,Всесибирская открытая олимпиада школьников,этап,Закрытие записи на отбор по химии,"20 ноября 2026, 11:00 по новосибирскому времени",да,2026-10-06,https://sesc.nsu.ru/olymp-vsesib/sections/chemistry/
14,11,Всесибирская открытая олимпиада школьников,этап,Закрытие записи на финал по химии,"26 февраля 2027, 11:00 по новосибирскому времени",да,2026-10-06,https://sesc.nsu.ru/olymp-vsesib/sections/chemistry/
16,12,Герценовская олимпиада школьников,регистрация,,"регистрация с 29 сентября 2026, дата закрытия не объявлена; для биологии участие идёт в профиле «Образование и педагогика», точных дней этапов пока нет",нет,2026-10-06,https://www.herzen.spb.ru/abiturients/olimpiady/olimp-rsosh/
16,12,Герценовская олимпиада школьников,этап,"Отборочный этап (дистанционный), иностранные языки и география",ноябрь 2026 г. – январь 2027 г.,да,2026-10-06,https://www.herzen.spb.ru/abiturients/olimpiady/olimp-rsosh/
16,12,Герценовская олимпиада школьников,этап,Заключительный этап (очный),март 2027 г.,да,2026-10-06,https://www.herzen.spb.ru/abiturients/olimpiady/olimp-rsosh/
16,12,Герценовская олимпиада школьников,этап,"Отборочный этап, профиль «Образование и педагогика»","предварительно: октябрь 2026 г. — январь 2027 г., точные дни не объявлены",нет,2026-10-06,https://www.herzen.spb.ru/abiturients/olimpiady/olimp-rsosh/
16,12,Герценовская олимпиада школьников,этап,"Заключительный этап, профиль «Образование и педагогика»","предварительно: февраль 2027 г., точный день не объявлен",нет,2026-10-06,https://www.herzen.spb.ru/abiturients/olimpiady/olimp-rsosh/
16,12,Герценовская олимпиада школьников,этап,"Предварительный отбор педагогического профиля, включая химию по химии",октябрь 2026 — январь 2027,нет,2026-10-06,https://herzen.spb.ru/abiturients/olimpiady/olimp-rsosh/pedagogy/
16,12,Герценовская олимпиада школьников,этап,"Предварительный финал педагогического профиля, включая химию по химии",февраль 2027,нет,2026-10-06,https://herzen.spb.ru/abiturients/olimpiady/olimp-rsosh/pedagogy/
18,13,Инженерная олимпиада школьников,этап,Очный отборочный тур в Москве,"11 октября 2026, НИЯУ МИФИ (Каширское шоссе, 31) и часть регионов",да,2026-09-26,https://olymp.mephi.ru/engineering/about
18,13,Инженерная олимпиада школьников,этап,Очные отборочные туры в регионах,15–16 ноября 2025 (сезон 2025/26),нет,2026-09-26,https://olymp.mephi.ru/engineering/about
18,13,Инженерная олимпиада школьников,этап,Дистанционный отборочный тур,17 ноября — 21 декабря 2025 (сезон 2025/26),нет,2026-09-26,https://olymp.mephi.ru/engineering/about
18,13,Инженерная олимпиада школьников,этап,Подведение итогов отборочных этапов,"январь (в графике организатора стоит «январь 2025» — опечатка организатора, сезон 2025/26)",нет,2026-09-26,https://olymp.mephi.ru/engineering/about
18,13,Инженерная олимпиада школьников,этап,Заключительный этап,1 февраля 2026 (сезон 2025/26),нет,2026-09-26,https://olymp.mephi.ru/engineering/about
18,13,Инженерная олимпиада школьников,этап,Подведение итогов заключительного этапа,апрель 2026 (сезон 2025/26),нет,2026-09-26,https://olymp.mephi.ru/engineering/about
19,14,Интернет-олимпиада школьников по физике,регистрация,,"регистрация на сезон 2026/27 уже открыта, дата закрытия не объявлена; записываться нужно заново каждый учебный год, оба дистанционных тура проходят под одним логином",да,2026-09-02,https://distolymp2.spbu.ru/olymp/
19,14,Интернет-олимпиада школьников по физике,этап,Регистрация участников,идёт регистрация 7–11 классов на олимпиаду 2026/2027 учебного года,да,2026-09-02,https://distolymp2.spbu.ru/olymp/
19,14,Интернет-олимпиада школьников по физике,этап,Дистанционный тур 1,22–28 ноября 2026 (предварительное расписание организатора),да,2026-09-02,https://distolymp2.spbu.ru/olymp/
19,14,Интернет-олимпиада школьников по физике,этап,Дистанционный тур 2,"17–23 января 2027, под тем же логином (предварительное расписание)",да,2026-09-02,https://distolymp2.spbu.ru/olymp/
19,14,Интернет-олимпиада школьников по физике,этап,Заключительный очный тур,"13 марта 2027, суббота (предварительное расписание)",да,2026-09-02,https://distolymp2.spbu.ru/olymp/
20,15,Кутафинская олимпиада школьников по праву,регистрация,,"1 октября 2026 - 11 января 2027, 23:59 МСК (включительно); к заявке прикладываются сканы заявления, согласий и справки из школы",да,2026-10-08,https://msal.ru/content/abiturientam/olimpiady-i-konkursy/kutafinskaya-olimpiada-shkolnikov-po-pravu/
20,15,Кутафинская олимпиада школьников по праву,этап,Регистрация на отборочный этап,"1 октября 2026 - 11 января 2027, до 23:59 МСК",да,2026-10-08,https://msal.ru/content/abiturientam/olimpiady-i-konkursy/kutafinskaya-olimpiada-shkolnikov-po-pravu/
20,15,Кутафинская олимпиада школьников по праву,этап,"Отборочный этап, заочно","16 января 2027 для 8–10 классов, 17 января для 11 класса, 00:00–23:59 МСК",да,2026-10-08,https://msal.ru/content/abiturientam/olimpiady-i-konkursy/kutafinskaya-olimpiada-shkolnikov-po-pravu/
20,15,Кутафинская олимпиада школьников по праву,этап,Результаты отборочного этапа,не позднее 30 января 2027,да,2026-10-08,https://msal.ru/content/abiturientam/olimpiady-i-konkursy/kutafinskaya-olimpiada-shkolnikov-po-pravu/
20,15,Кутафинская олимпиада школьников по праву,этап,Регистрация на заключительный этап,"1-20 февраля 2027, до 23:59 МСК 20 февраля; требуется подтверждение участия в системе организатора",да,2026-10-08,https://msal.ru/content/abiturientam/olimpiady-i-konkursy/kutafinskaya-olimpiada-shkolnikov-po-pravu/
20,15,Кутафинская олимпиада школьников по праву,этап,"Заключительный этап, очно","27 февраля 2027 для 8–10 классов, 28 февраля для 11 класса",да,2026-10-08,https://msal.ru/content/abiturientam/olimpiady-i-konkursy/kutafinskaya-olimpiada-shkolnikov-po-pravu/
20,15,Кутафинская олимпиада школьников по праву,этап,Проверенные работы и баллы финала,не позднее 20 марта 2027,да,2026-10-08,https://msal.ru/content/abiturientam/olimpiady-i-konkursy/kutafinskaya-olimpiada-shkolnikov-po-pravu/
20,15,Кутафинская олимпиада школьников по праву,этап,Подача апелляций по результатам финала,до 21 марта 2027 включительно,да,2026-10-08,https://msal.ru/content/abiturientam/olimpiady-i-konkursy/kutafinskaya-olimpiada-shkolnikov-po-pravu/
20,15,Кутафинская олимпиада школьников по праву,этап,Рассмотрение апелляций,24 марта 2027,да,2026-10-08,https://msal.ru/content/abiturientam/olimpiady-i-konkursy/kutafinskaya-olimpiada-shkolnikov-po-pravu/
20,15,Кутафинская олимпиада школьников по праву,этап,Результаты апелляций,не позднее 25 марта 2027,да,2026-10-08,https://msal.ru/content/abiturientam/olimpiady-i-konkursy/kutafinskaya-olimpiada-shkolnikov-po-pravu/
20,15,Кутафинская олимпиада школьников по праву,этап,"Итоги, списки победителей и призёров",не позднее 26 марта 2027,да,2026-10-08,https://msal.ru/content/abiturientam/olimpiady-i-konkursy/kutafinskaya-olimpiada-shkolnikov-po-pravu/
22,16,Международная олимпиада Иннополиса,регистрация,,"Информатика: заявки на первый тур до 14 октября 2026, 15:00 МСК; математика: до 20 октября 2026, 15:00 МСК; сроки инженерного профиля отдельно не проверены.",да,2026-10-08,https://dovuz.innopolis.university/innopolis-open/informatics
22,16,Международная олимпиада Иннополиса,регистрация,,"Заявки на первый отборочный тур до 14 октября 2026, 15:00 МСК",да,2026-10-08,https://dovuz.innopolis.university/innopolis-open/informatics
22,16,Международная олимпиада Иннополиса,этап,Регистрация по информатике,"до 14 октября 2026, 15:00 МСК",да,2026-10-08,https://dovuz.innopolis.university/innopolis-open/informatics
22,16,Международная олимпиада Иннополиса,этап,Первый пробный тур по информатике,"17 октября 2026, предварительно",нет,2026-10-08,https://dovuz.innopolis.university/innopolis-open/informatics
22,16,Международная олимпиада Иннополиса,этап,Первый отборочный тур по информатике,"18 октября 2026, предварительно",нет,2026-10-08,https://dovuz.innopolis.university/innopolis-open/informatics
22,16,Международная олимпиада Иннополиса,этап,Второй пробный тур по информатике,"21 ноября 2026, предварительно",нет,2026-10-08,https://dovuz.innopolis.university/innopolis-open/informatics
22,16,Международная олимпиада Иннополиса,этап,Второй отборочный тур по информатике,"22 ноября 2026, предварительно",нет,2026-10-08,https://dovuz.innopolis.university/innopolis-open/informatics
22,16,Международная олимпиада Иннополиса,этап,Заключительный этап по информатике,"26-28 февраля 2027, предварительно",нет,2026-10-08,https://dovuz.innopolis.university/innopolis-open/informatics
22,16,Международная олимпиада Иннополиса,регистрация,,"Заявки на первый отборочный тур до 20 октября 2026, 15:00 МСК",да,2026-10-08,https://dovuz.innopolis.university/innopolis-open/math
22,16,Международная олимпиада Иннополиса,этап,Регистрация по математике,"до 20 октября 2026, 15:00 МСК",да,2026-10-08,https://dovuz.innopolis.university/innopolis-open/math
22,16,Международная олимпиада Иннополиса,этап,Первый пробный тур по математике,"24 октября 2026, предварительно",нет,2026-10-08,https://dovuz.innopolis.university/innopolis-open/math
22,16,Международная олимпиада Иннополиса,этап,Первый отборочный тур по математике,"25 октября 2026, предварительно",нет,2026-10-08,https://dovuz.innopolis.university/innopolis-open/math
22,16,Международная олимпиада Иннополиса,этап,Второй пробный тур по математике,"28 ноября 2026, предварительно",нет,2026-10-08,https://dovuz.innopolis.university/innopolis-open/math
22,16,Международная олимпиада Иннополиса,этап,Второй отборочный тур по математике,"29 ноября 2026, предварительно",нет,2026-10-08,https://dovuz.innopolis.university/innopolis-open/math
22,16,Международная олимпиада Иннополиса,этап,Финал по математике,"5-7 марта 2027, предварительно; очно",нет,2026-10-08,https://dovuz.innopolis.university/innopolis-open/math
23,17,Международная олимпиада по финансовой безопасности,регистрация,,отдельного окна записи организатор не называет: вход в сезон идёт через пригласительный этап на платформе «Содружество»,да,2026-10-05,https://rosfinolymp.ru/
23,17,Международная олимпиада по финансовой безопасности,этап,Квалификационный этап: сбор мотивационных писем,1 июня — 2 сентября 2026 (VI олимпиада),да,2026-10-05,https://rosfinolymp.ru/
23,17,Международная олимпиада по финансовой безопасности,этап,Квалификационный этап: отбор участников,2–3 сентября 2026 (VI олимпиада),да,2026-10-05,https://rosfinolymp.ru/
23,17,Международная олимпиада по финансовой безопасности,этап,Финальный этап,27 сентября — 2 октября 2026 (VI олимпиада),да,2026-10-05,https://rosfinolymp.ru/
24,18,Международная олимпиада школьников «Евразийская лингвистическая олимпиада»,регистрация,,"16 ноября — 30 декабря 2026; старт заданий расходится: главная — 17 ноября, Регламент — 16 ноября; окончание 14 января 2027, 23:59 МСК по Регламенту",да,2026-10-06,https://elo.linguanet.ru/
24,18,Международная олимпиада школьников «Евразийская лингвистическая олимпиада»,этап,Регистрация личного кабинета (отборочный этап),Регистрация доступна с 16 ноября по 30 декабря 2026,да,2026-10-06,https://elo.linguanet.ru/
24,18,Международная олимпиада школьников «Евразийская лингвистическая олимпиада»,этап,Отборочный (дистанционный) этап — выполнение заданий,"старт: 17 ноября 2026 по главной, 16 ноября по Регламенту; конец 14 января 2027, 23:59 МСК; расхождение начала не устранено",нет,2026-10-06,https://elo.linguanet.ru/
24,18,Международная олимпиада школьников «Евразийская лингвистическая олимпиада»,этап,Результаты отборочного этапа,не позднее 18 января 2027,да,2026-10-06,https://elo.linguanet.ru/
24,18,Международная олимпиада школьников «Евразийская лингвистическая олимпиада»,этап,Выбор языка и площадки заключительного этапа,главная: до 2 февраля 2027; Регламент: не позднее семи календарных дней до финала 14 февраля; сроки расходятся,нет,2026-10-06,https://elo.linguanet.ru/
24,18,Международная олимпиада школьников «Евразийская лингвистическая олимпиада»,этап,Заключительный (очный) этап,14 февраля 2027 г.,да,2026-10-06,https://elo.linguanet.ru/
24,18,Международная олимпиада школьников «Евразийская лингвистическая олимпиада»,этап,Предварительные результаты заключительного этапа,не ранее 4 марта 2027,да,2026-10-06,https://elo.linguanet.ru/
24,18,Международная олимпиада школьников «Евразийская лингвистическая олимпиада»,этап,Окончательные результаты,не ранее 15 марта 2027,да,2026-10-06,https://elo.linguanet.ru/
26,19,Международная олимпиада школьников Уральского федерального университета «Изумруд»,регистрация,,"регистрация идёт вместе с отборочным этапом, 1 сентября 2026 — 19 января 2027 до 23:59 по времени Екатеринбурга, в личном кабинете; отборочный проходят онлайн, одна попытка на профиль по 60 минут, повторная запрещена",да,2026-10-04,https://dovuz.urfu.ru/olymps/izumrud
26,19,Международная олимпиада школьников Уральского федерального университета «Изумруд»,этап,Регистрация и отборочный этап,1 сентября 2026 — 19 января 2027,да,2026-10-04,https://dovuz.urfu.ru/olymps/izumrud
26,19,Международная олимпиада школьников Уральского федерального университета «Изумруд»,этап,Подготовка к заключительному этапу,20–24 января,да,2026-10-04,https://dovuz.urfu.ru/olymps/izumrud
26,19,Международная олимпиада школьников Уральского федерального университета «Изумруд»,этап,Заключительный этап,30 января — 2 февраля,да,2026-10-04,https://dovuz.urfu.ru/olymps/izumrud
26,19,Международная олимпиада школьников Уральского федерального университета «Изумруд»,этап,Проверенная работа и апелляция,"20 марта, 12:00 по времени Екатеринбурга",да,2026-10-04,https://dovuz.urfu.ru/olymps/izumrud
26,19,Международная олимпиада школьников Уральского федерального университета «Изумруд»,этап,Итоги олимпиады,27 марта,да,2026-10-04,https://dovuz.urfu.ru/olymps/izumrud
26,19,Международная олимпиада школьников Уральского федерального университета «Изумруд»,этап,Общая регистрация и отбор по химии,1 сентября 2026 — 19 января 2027,да,2026-10-06,https://dovuz.urfu.ru/olymps/izumrud
26,19,Международная олимпиада школьников Уральского федерального университета «Изумруд»,этап,Выбор города и документы для финала по химии,20–24 января 2027,да,2026-10-06,https://dovuz.urfu.ru/olymps/izumrud
26,19,Международная олимпиада школьников Уральского федерального университета «Изумруд»,этап,"Общее окно финала по химии, отдельный день ещё не назван",30 января — 2 февраля 2027,да,2026-10-06,https://dovuz.urfu.ru/olymps/izumrud
26,19,Международная олимпиада школьников Уральского федерального университета «Изумруд»,этап,Проверенная работа и апелляция по химии,"20 марта 2027, 12:00 по времени Екатеринбурга",да,2026-10-06,https://dovuz.urfu.ru/olymps/izumrud
26,19,Международная олимпиада школьников Уральского федерального университета «Изумруд»,этап,Итоги по химии,27 марта 2027,да,2026-10-06,https://dovuz.urfu.ru/olymps/izumrud
26,19,Международная олимпиада школьников Уральского федерального университета «Изумруд»,этап,"Завершение выбора города и подачи документов на финал, включая химию",24 января 2027,да,2026-10-06,https://dovuz.urfu.ru/olymps/izumrud
26,19,Международная олимпиада школьников Уральского федерального университета «Изумруд»,этап,"Конец общего окна финала, отдельный день химии ещё не назван",2 февраля 2027,да,2026-10-06,https://dovuz.urfu.ru/olymps/izumrud
29,20,Межрегиональная олимпиада школьников «Будущие исследователи - будущее науки»,регистрация,,"Электронная форма доступна для Нижнего Новгорода и области; точные дни открытия и закрытия регистрации не опубликованы, у других городов свои правила",да,2026-10-07,https://bibn.unn.ru/
29,20,Межрегиональная олимпиада школьников «Будущие исследователи - будущее науки»,этап,Очный отбор в Нижнем Новгороде и области: математика,7–8 ноября 2026,да,2026-10-07,https://bibn.unn.ru/
29,20,Межрегиональная олимпиада школьников «Будущие исследователи - будущее науки»,этап,Очный отбор в Нижнем Новгороде и области: история,14–15 ноября 2026,да,2026-10-07,https://bibn.unn.ru/
29,20,Межрегиональная олимпиада школьников «Будущие исследователи - будущее науки»,этап,Очный отбор в Нижнем Новгороде и области: биология,21–22 ноября 2026,да,2026-10-07,https://bibn.unn.ru/
29,20,Межрегиональная олимпиада школьников «Будущие исследователи - будущее науки»,этап,Очный отбор в Нижнем Новгороде и области: русский язык,28–29 ноября 2026,да,2026-10-07,https://bibn.unn.ru/
29,20,Межрегиональная олимпиада школьников «Будущие исследователи - будущее науки»,этап,Очный отбор в Нижнем Новгороде и области: физика,5–6 декабря 2026,да,2026-10-07,https://bibn.unn.ru/
29,20,Межрегиональная олимпиада школьников «Будущие исследователи - будущее науки»,этап,Очный отбор по химии только для иностранных школьников на зарубежных площадках,"7 октября 2026; часы уточняет площадка, дистанционного формата нет",да,2026-10-06,https://bibn.unn.ru/calendar/foreign
29,20,Межрегиональная олимпиада школьников «Будущие исследователи - будущее науки»,этап,"Отбор по химии в Нижнем Новгороде, Белгороде, Екатеринбурге, Барнауле и Томске",12–13 декабря 2026; местная площадка уточняет день,да,2026-10-06,https://bibn.unn.ru/news/02-10-2026
29,20,Межрегиональная олимпиада школьников «Будущие исследователи - будущее науки»,этап,Отбор по химии в Симферополе и Казани,12 декабря 2026,да,2026-10-06,https://bibn.unn.ru/calendar/simferopol
29,20,Межрегиональная олимпиада школьников «Будущие исследователи - будущее науки»,этап,Отбор по химии в Красноярске и Калининграде,13 декабря 2026,да,2026-10-06,https://bibn.unn.ru/calendar/krasnoyarsk
29,20,Межрегиональная олимпиада школьников «Будущие исследователи - будущее науки»,этап,"Отбор по химии в Нижнем Новгороде, воскресная площадка","13 декабря 2026, сбор 09:00, начало 10:00 МСК",да,2026-10-06,https://bibn.unn.ru/news/02-10-2026
29,20,Межрегиональная олимпиада школьников «Будущие исследователи - будущее науки»,этап,Исследовательский конкурс по химии в Сарове: выдача заданий,9 октября 2026,да,2026-10-06,https://bibn.unn.ru/calendar/sarov
29,20,Межрегиональная олимпиада школьников «Будущие исследователи - будущее науки»,этап,Исследовательский конкурс по химии в Сарове: закрытие подачи,4 ноября 2026,да,2026-10-06,https://bibn.unn.ru/calendar/sarov
29,20,Межрегиональная олимпиада школьников «Будущие исследователи - будущее науки»,этап,Заочная химия в Пензе: выдача заданий,16 ноября 2026,да,2026-10-06,https://bibn.unn.ru/calendar/penza
29,20,Межрегиональная олимпиада школьников «Будущие исследователи - будущее науки»,этап,Заочная химия в Пензе: закрытие подачи,1 декабря 2026,да,2026-10-06,https://bibn.unn.ru/calendar/penza
31,21,Межрегиональная олимпиада школьников имени И.Я. Верченко,регистрация,,отдельного окна записи организатор не называет: задания дистанционного отборочного этапа открыты 9 ноября 2026 — 8 февраля 2027 в личном кабинете,да,2026-09-18,https://ikb.mtuci.ru/
31,21,Межрегиональная олимпиада школьников имени И.Я. Верченко,этап,Пробный тест,доступен,да,2026-09-18,https://ikb.mtuci.ru/
31,21,Межрегиональная олимпиада школьников имени И.Я. Верченко,этап,Дистанционный отборочный этап,с 09.11.2026 (пн) по 08.02.2027 (пн),да,2026-09-18,https://ikb.mtuci.ru/
31,21,Межрегиональная олимпиада школьников имени И.Я. Верченко,этап,Заключительный тур,28.02.2027 (вскр),да,2026-09-18,https://ikb.mtuci.ru/
32,22,Межрегиональная олимпиада школьников на базе ведомственных образовательных организаций,этап,Иностранный язык: отборочный этап,с 01 декабря 2026 г. по 11 января 2027 г.,да,2026-10-05,https://v-olymp.ru/schedule
32,22,Межрегиональная олимпиада школьников на базе ведомственных образовательных организаций,этап,Иностранный язык: заключительный этап,24 января 2027 г.,да,2026-10-05,https://v-olymp.ru/schedule
32,22,Межрегиональная олимпиада школьников на базе ведомственных образовательных организаций,этап,Биология: отборочный этап,7 декабря 2026 — 18 января 2027,да,2026-10-05,https://v-olymp.ru/schedule
32,22,Межрегиональная олимпиада школьников на базе ведомственных образовательных организаций,этап,Биология: заключительный этап,7 февраля 2027,да,2026-10-05,https://v-olymp.ru/schedule
32,22,Межрегиональная олимпиада школьников на базе ведомственных образовательных организаций,этап,Физика: отборочный этап,1 октября — 10 ноября 2026,да,2026-10-05,https://v-olymp.ru/schedule
32,22,Межрегиональная олимпиада школьников на базе ведомственных образовательных организаций,этап,Физика: регистрация на заключительный этап,"18 ноября 03:00 — 22 ноября 02:59:59 МСК; часы пересчитаны из данных организатора, на публичной странице не указаны",да,2026-10-05,https://v-olymp.ru/schedule
32,22,Межрегиональная олимпиада школьников на базе ведомственных образовательных организаций,этап,Физика: заключительный этап,22 ноября 2026,да,2026-10-05,https://v-olymp.ru/schedule
34,23,Межрегиональные предметные олимпиады федерального государственного автономного образовательного учреждения высшего образования «Казанский (Приволжский) федеральный университет»,этап,"Отборочный этап, заочно с ДОТ",с 26 октября по 23 ноября 2026 года,да,2026-10-06,https://malun.kpfu.ru/mpo
34,23,Межрегиональные предметные олимпиады федерального государственного автономного образовательного учреждения высшего образования «Казанский (Приволжский) федеральный университет»,этап,"Заключительный этап, очно","с 13 января по 07 февраля 2027 года, КФУ и площадки партнёров",да,2026-10-06,https://malun.kpfu.ru/mpo
34,23,Межрегиональные предметные олимпиады федерального государственного автономного образовательного учреждения высшего образования «Казанский (Приволжский) федеральный университет»,этап,"Отборочный этап по биологии, заочно с ДОТ","26 октября - 23 ноября 2026, общее окно МПО КФУ для профилей",да,2026-10-06,https://malun.kpfu.ru/mpo
34,23,Межрегиональные предметные олимпиады федерального государственного автономного образовательного учреждения высшего образования «Казанский (Приволжский) федеральный университет»,этап,"Заключительный этап по биологии, очно","13 января - 7 февраля 2027, общее окно; отдельный день биологии не опубликован",да,2026-10-06,https://malun.kpfu.ru/mpo
34,23,Межрегиональные предметные олимпиады федерального государственного автономного образовательного учреждения высшего образования «Казанский (Приволжский) федеральный университет»,этап,"Отборочный этап, общее окно по химии",26 октября — 23 ноября 2026,да,2026-10-06,https://malun.kpfu.ru/mpo
34,23,Межрегиональные предметные олимпиады федерального государственного автономного образовательного учреждения высшего образования «Казанский (Приволжский) федеральный университет»,этап,"Заключительный этап, общее окно без дня химии по химии",13 января — 7 февраля 2027,да,2026-10-06,https://malun.kpfu.ru/mpo
34,23,Межрегиональные предметные олимпиады федерального государственного автономного образовательного учреждения высшего образования «Казанский (Приволжский) федеральный университет»,этап,"Закрытие общего отбора, включая химию",23 ноября 2026,да,2026-10-06,https://malun.kpfu.ru/mpo
34,23,Межрегиональные предметные олимпиады федерального государственного автономного образовательного учреждения высшего образования «Казанский (Приволжский) федеральный университет»,этап,"Конец общего окна финалов, отдельный день химии ещё не назван",7 февраля 2027,да,2026-10-06,https://malun.kpfu.ru/mpo
35,24,Многопредметная олимпиада «Юные таланты»,этап,Геология: приём заявок и отборочный этап,"заявки до 21 января 2026, отбор 21 января (сезон 2025/26)",нет,,http://olymp.psu.ru/
35,24,Многопредметная олимпиада «Юные таланты»,этап,Геология: очный заключительный этап,13–15 марта 2026 (сезон 2025/26),нет,,http://olymp.psu.ru/
35,24,Многопредметная олимпиада «Юные таланты»,этап,География: отборочный заочный этап,"30 января — 2 февраля 2026, онлайн (сезон 2025/26)",нет,,http://olymp.psu.ru/
35,24,Многопредметная олимпиада «Юные таланты»,этап,География: заключительный этап,20–21 марта 2026 (сезон 2025/26),нет,,http://olymp.psu.ru/
35,24,Многопредметная олимпиада «Юные таланты»,этап,"Тренировочный тур I этапа, предварительно по химии",1–9 ноября 2026,нет,2026-10-06,https://chemolymp.narod.ru/
35,24,Многопредметная олимпиада «Юные таланты»,этап,"Интернет-тур I этапа, предварительно по химии",10–13 ноября 2026,нет,2026-10-06,https://chemolymp.narod.ru/
35,24,Многопредметная олимпиада «Юные таланты»,этап,"Отборочный тур II этапа, предварительно по химии",19 декабря 2026,нет,2026-10-06,https://chemolymp.narod.ru/
35,24,Многопредметная олимпиада «Юные таланты»,этап,"Финальные туры II этапа, предварительно по химии",3–5 марта 2027,нет,2026-10-06,https://chemolymp.narod.ru/
35,24,Многопредметная олимпиада «Юные таланты»,этап,Предварительное завершение тренировочного тура по химии,9 ноября 2026,нет,2026-10-06,https://chemolymp.narod.ru/
35,24,Многопредметная олимпиада «Юные таланты»,этап,Предварительное закрытие интернет-тура по химии,13 ноября 2026,нет,2026-10-06,https://chemolymp.narod.ru/
35,24,Многопредметная олимпиада «Юные таланты»,этап,Предварительный конец финальных туров по химии,5 марта 2027,нет,2026-10-06,https://chemolymp.narod.ru/
36,25,Многопрофильная инженерная олимпиада «Звезда»,этап,"Отборочный этап, интернет-тур — естественные науки, техника и технологии",9 ноября — 9 декабря 2026,да,2026-10-04,https://zv.susu.ru/
36,25,Многопрофильная инженерная олимпиада «Звезда»,этап,"Отборочный этап, очная форма — естественные науки, техника и технологии",9 ноября — 20 декабря 2026,да,2026-10-04,https://zv.susu.ru/
36,25,Многопрофильная инженерная олимпиада «Звезда»,этап,"Заключительный этап, «Естественные науки»","1 февраля, воскресенье (сезон 2025/26)",нет,2026-10-04,https://zv.susu.ru/
36,25,Многопрофильная инженерная олимпиада «Звезда»,этап,"Заключительный этап, профили «Техники и технологий»","с 24 января по 22 марта, по одному профилю в выходной (сезон 2025/26)",нет,2026-10-04,https://zv.susu.ru/
36,25,Многопрофильная инженерная олимпиада «Звезда»,этап,Предварительные результаты заключительного этапа,"«Естественные науки» 6–10 апреля, «Техника и технология» 6–13 апреля (сезон 2025/26)",нет,2026-10-04,https://zv.susu.ru/
36,25,Многопрофильная инженерная олимпиада «Звезда»,этап,Очный отбор профиля «Химические технологии»,"9 ноября — 20 декабря 2026; 7–11 классы, СПО 1–2 курс",да,2026-10-06,https://zv.susu.ru/index.php/mnogoprofilnaya-inzhenernaya-olimpiada-zvezda/otborochnyj-etap/324-grafik-provedeniya-otborochnogo-etapa
36,25,Многопрофильная инженерная олимпиада «Звезда»,этап,Интернет-отбор профиля «Химические технологии»,"9 ноября — 9 декабря 2026; 7–11 классы, СПО 1–2 курс",да,2026-10-06,https://zv.susu.ru/index.php/mnogoprofilnaya-inzhenernaya-olimpiada-zvezda/otborochnyj-etap/324-grafik-provedeniya-otborochnogo-etapa
36,25,Многопрофильная инженерная олимпиада «Звезда»,этап,"Финал профиля «Химические технологии», классы расходятся с отбором","14 марта 2027; сбор 09:00–09:45, работа 10:00–13:55 по местному времени площадки; в графике финала 6–11 классы",да,2026-10-06,https://zv.susu.ru/index.php/mnogoprofilnaya-inzhenernaya-olimpiada-zvezda/zaklyuchitelnyj-etap/371-grafik-provedeniya-zaklyuchitelnogo-etapa
36,25,Многопрофильная инженерная олимпиада «Звезда»,этап,Закрытие очного отбора профиля «Химические технологии»,20 декабря 2026,да,2026-10-06,https://zv.susu.ru/index.php/mnogoprofilnaya-inzhenernaya-olimpiada-zvezda/otborochnyj-etap/324-grafik-provedeniya-otborochnogo-etapa
36,25,Многопрофильная инженерная олимпиада «Звезда»,этап,Закрытие интернет-отбора профиля «Химические технологии»,9 декабря 2026,да,2026-10-06,https://zv.susu.ru/index.php/mnogoprofilnaya-inzhenernaya-olimpiada-zvezda/otborochnyj-etap/324-grafik-provedeniya-otborochnogo-etapa
37,26,Московская олимпиада школьников,регистрация,,По физике: с 5 по 22 октября 2026 (7–11 классы); для других профилей это окно не действует,да,2026-10-07,https://мош.цпм.рф/
37,26,Московская олимпиада школьников,этап,"Регистрация на отборочный этап по физике, 7–11 классы",с 5 по 22 октября 2026,да,2026-10-07,https://мош.цпм.рф/
37,26,Московская олимпиада школьников,этап,Пригласительный этап по финансовой грамотности,"с 9:00 26 сентября до 21:00 3 октября 2026; этап завершён; только московские школы в МЭШ, баллы не влияют на следующие этапы",да,2026-10-07,https://мош.цпм.рф/
37,26,Московская олимпиада школьников,этап,Отборочный этап по физике,с 15 по 22 октября,да,2026-10-07,https://мош.цпм.рф/
37,26,Московская олимпиада школьников,этап,Отборочный этап по истории искусств,с 14 по 22 ноября,да,2026-10-07,https://мош.цпм.рф/
37,26,Московская олимпиада школьников,этап,Дистанционный этап по вероятности и статистике,с 18 по 24 ноября,да,2026-10-07,https://мош.цпм.рф/
37,26,Московская олимпиада школьников,этап,Дистанционный этап по астрономии,с 4 по 17 декабря,да,2026-10-07,https://мош.цпм.рф/
37,26,Московская олимпиада школьников,этап,"Отборочный этап, 11 класс",6–28 февраля (сезон 2025/26),нет,2026-10-07,https://мош.цпм.рф/
37,26,Московская олимпиада школьников,этап,"Первый тур заключительного этапа, 11 класс; олимпиада для 8–10 классов",15 марта (сезон 2025/26),нет,2026-10-07,https://мош.цпм.рф/
37,26,Московская олимпиада школьников,этап,"Второй тур заключительного этапа, 11 класс",28 марта (сезон 2025/26),нет,2026-10-07,https://мош.цпм.рф/
37,26,Московская олимпиада школьников,этап,Регистрация и отборочный этап по биологии,16–18 января (сезон 2025/26),нет,2026-10-07,https://мош.цпм.рф/
37,26,Московская олимпиада школьников,этап,Теоретический тур заключительного этапа по биологии,8 февраля (сезон 2025/26),нет,2026-10-07,https://мош.цпм.рф/
37,26,Московская олимпиада школьников,этап,Практический тур заключительного этапа по биологии,"1 марта, для 5 и 7 классов (сезон 2025/26)",нет,2026-10-07,https://мош.цпм.рф/
37,26,Московская олимпиада школьников,этап,Награждение,27 мая (сезон 2025/26),нет,2026-10-07,https://мош.цпм.рф/
37,26,Московская олимпиада школьников,этап,"Отборочный этап по информатике, 6–9 классы (очно)",19 декабря 2026 и 16 января 2027,да,2026-10-07,https://мош.цпм.рф/
37,26,Московская олимпиада школьников,этап,"Отборочный этап по информатике, 10–11 классы (очно)",14 и 28 февраля 2027,да,2026-10-07,https://мош.цпм.рф/
37,26,Московская олимпиада школьников,этап,Заключительный этап по информатике,планируется 14 февраля 2027 (6–9 классы) и 28 марта 2027 (10–11 классы),нет,2026-10-07,https://мош.цпм.рф/
37,26,Московская олимпиада школьников,этап,"Отборочный и заключительный этапы по биологии, 5–8 и 9–11 классы",график сезона 2026-2027 у обеих возрастных групп ещё не опубликован,нет,2026-10-07,https://мош.цпм.рф/
37,26,Московская олимпиада школьников,этап,"Отборочный этап, предварительно по химии",26 ноября — 16 декабря 2026,нет,2026-10-06,https://мош.цпм.рф/olymp/chem
37,26,Московская олимпиада школьников,этап,"Теоретический тур финала, предварительно по химии",14 февраля 2027,нет,2026-10-06,https://мош.цпм.рф/olymp/chem
37,26,Московская олимпиада школьников,этап,"Практический тур финала, предварительно по химии",14 марта 2027,нет,2026-10-06,https://мош.цпм.рф/olymp/chem
37,26,Московская олимпиада школьников,этап,Предварительное закрытие отбора по химии,16 декабря 2026,нет,2026-10-06,https://мош.цпм.рф/olymp/chem
38,27,Московская открытая олимпиада школьников по геологии,регистрация,,1 ноября — 30 декабря 2026 (заявки принимаются до 23:59 30 декабря),да,2026-09-02,https://geoschool.web.ru/olympiad/
38,27,Московская открытая олимпиада школьников по геологии,этап,Отборочный этап,запланирован на декабрь 2026 (организатор назвал только месяц),нет,2026-09-02,https://geoschool.web.ru/olympiad/
38,27,Московская открытая олимпиада школьников по геологии,этап,Регистрация,1 ноября — 30 декабря 2025 через портал «Ломоносов» (сезон 2025/26),нет,2026-09-02,https://geoschool.web.ru/olympiad/
38,27,Московская открытая олимпиада школьников по геологии,этап,Заключительный этап,"14 февраля 2026, практический тур 15 февраля (сезон 2025/26)",нет,2026-09-02,https://geoschool.web.ru/olympiad/
40,28,Общероссийская олимпиада школьников «Основы православной культуры»,регистрация,,школьный тур — заявки и результаты до 21 октября 2026; заявки муниципальных организаторов 5—12 ноября 2026; заявки региональных организаторов 1—30 декабря 2026; участники финала регистрируются лично 25 февраля — 7 марта 2027,да,2026-09-23,https://olymp.pstgu.ru/opkTour
40,28,Общероссийская олимпиада школьников «Основы православной культуры»,этап,Школьный тур,15 сентября — 21 октября 2026,да,2026-09-23,https://olymp.pstgu.ru/opkTour
40,28,Общероссийская олимпиада школьников «Основы православной культуры»,этап,Приём заявок и результатов школьного тура,до 21 октября 2026 включительно,да,2026-09-23,https://olymp.pstgu.ru/opkTour
40,28,Общероссийская олимпиада школьников «Основы православной культуры»,этап,Заявки муниципальных организаторов,5—12 ноября 2026,да,2026-09-23,https://olymp.pstgu.ru/opkTour
40,28,Общероссийская олимпиада школьников «Основы православной культуры»,этап,Муниципальный тур,19—26 ноября 2026,да,2026-09-23,https://olymp.pstgu.ru/opkTour
40,28,Общероссийская олимпиада школьников «Основы православной культуры»,этап,Заявки региональных организаторов,1—30 декабря 2026,да,2026-09-23,https://olymp.pstgu.ru/opkTour
40,28,Общероссийская олимпиада школьников «Основы православной культуры»,этап,Региональный тур,13—15 февраля 2027,да,2026-09-23,https://olymp.pstgu.ru/opkTour
40,28,Общероссийская олимпиада школьников «Основы православной культуры»,этап,Персональная регистрация участников на финал,25 февраля — 7 марта 2027,да,2026-09-23,https://olymp.pstgu.ru/opkTour
40,28,Общероссийская олимпиада школьников «Основы православной культуры»,этап,Финальный тур,20—21 марта 2027,да,2026-09-23,https://olymp.pstgu.ru/opkTour
41,29,Объединенная межвузовская олимпиада школьников,регистрация,,Сезон 2026/27 не объявлен. Корень раздела до сих пор перебрасывает на страницу прошлого сезона.,нет,2026-09-27,https://olympiads.mccme.ru/ommo/
41,29,Объединенная межвузовская олимпиада школьников,этап,"Первый тур, отборочный, заочный",11–25 января через «Сириус.Онлайн» (сезон 2025/26),нет,2026-09-27,https://olympiads.mccme.ru/ommo/
41,29,Объединенная межвузовская олимпиада школьников,этап,"Финальный тур, очный","1 февраля, начало 10:00 МСК (сезон 2025/26)",нет,2026-09-27,https://olympiads.mccme.ru/ommo/
41,29,Объединенная межвузовская олимпиада школьников,этап,Результаты и апелляции,"результаты 22–23 марта, апелляции до 26 марта (сезон 2025/26)",нет,2026-09-27,https://olympiads.mccme.ru/ommo/
43,30,Олимпиада Курчатов,регистрация,,"Сезон 2026/27 не объявлен. Сайт держит прошлый сезон, регистрация на заключительный этап помечена как завершённая.",нет,2026-09-27,https://olimpiadakurchatov.ru/
43,30,Олимпиада Курчатов,этап,Отборочный этап,"2–16 февраля 2026, дистанционно на «Сириусе» (сезон 2025/26)",нет,2026-09-27,https://olimpiadakurchatov.ru/
43,30,Олимпиада Курчатов,этап,Заключительный этап по математике,"14 марта 2026, очно (сезон 2025/26)",нет,2026-09-27,https://olimpiadakurchatov.ru/
44,31,Олимпиада МГИМО МИД России для школьников,регистрация,,регистрация и отборочный этап — ноябрь–январь; точные даты сезона 2026/27 организатором ещё не опубликованы,нет,2026-10-07,https://olymp.mgimo.ru/
44,31,Олимпиада МГИМО МИД России для школьников,этап,Регистрация и дистанционный отборочный этап,старт олимпиады — ноябрь 2026; регистрация и отборочный идут ноябрь — январь,да,2026-10-07,https://olymp.mgimo.ru/
44,31,Олимпиада МГИМО МИД России для школьников,этап,Результаты отборочного этапа и апелляции,февраль (год организатор не указал),нет,2026-10-07,https://olymp.mgimo.ru/
44,31,Олимпиада МГИМО МИД России для школьников,этап,Очный заключительный этап,март (год организатор не указал),нет,2026-10-07,https://olymp.mgimo.ru/
44,31,Олимпиада МГИМО МИД России для школьников,этап,Результаты заключительного этапа и апелляции,апрель (год организатор не указал),нет,2026-10-07,https://olymp.mgimo.ru/
45,32,Олимпиада по комплексу предметов «Культура и искусство»,регистрация,,20 октября 2026 — 30 января 2027 включительно; работы загружаются до 31 января 2027,да,2026-09-02,https://olimp.prouniver.ru/
45,32,Олимпиада по комплексу предметов «Культура и искусство»,этап,Регистрация участников,20 октября 2026 — 30 января 2027 включительно,да,2026-09-02,https://olimp.prouniver.ru/
45,32,Олимпиада по комплексу предметов «Культура и искусство»,этап,"Отборочный этап, заочно",20 октября 2026 — 31 января 2027,да,2026-09-02,https://olimp.prouniver.ru/
45,32,Олимпиада по комплексу предметов «Культура и искусство»,этап,Загрузка работ отборочного этапа,до 31 января 2027 включительно,да,2026-09-02,https://olimp.prouniver.ru/
45,32,Олимпиада по комплексу предметов «Культура и искусство»,этап,Результаты отборочного этапа,до 28 календарных дней со дня последней даты этапа,да,2026-09-02,https://olimp.prouniver.ru/
45,32,Олимпиада по комплексу предметов «Культура и искусство»,этап,"Заключительный этап, очно в Санкт-Петербурге",20–31 марта 2027,да,2026-09-02,https://olimp.prouniver.ru/
45,32,Олимпиада по комплексу предметов «Культура и искусство»,этап,Результаты заключительного этапа,до 28 календарных дней со дня последней даты этапа,да,2026-09-02,https://olimp.prouniver.ru/
48,33,Олимпиада РГГУ для школьников,регистрация,,1 декабря 2026 — 11 января 2027,да,2026-09-02,https://www.rsuh.ru/education/cdo/olimpiada-rggu-dlya-shkolnikov.php
48,33,Олимпиада РГГУ для школьников,этап,Регистрация на отборочный этап,1 декабря 2026 — 11 января 2027,да,2026-09-02,https://www.rsuh.ru/education/cdo/olimpiada-rggu-dlya-shkolnikov.php
48,33,Олимпиада РГГУ для школьников,этап,"Отборочный этап, заочно",13–27 января 2027 включительно,да,2026-09-02,https://www.rsuh.ru/education/cdo/olimpiada-rggu-dlya-shkolnikov.php
48,33,Олимпиада РГГУ для школьников,этап,Результаты отборочного этапа,до 5 февраля 2027 включительно,да,2026-09-02,https://www.rsuh.ru/education/cdo/olimpiada-rggu-dlya-shkolnikov.php
48,33,Олимпиада РГГУ для школьников,этап,"Заключительный этап, профиль «Обществознание», очно в Москве","21 февраля 2027, воскресенье, 15:30–18:00 МСК; регистрация на месте с 14:00",да,2026-09-02,https://www.rsuh.ru/education/cdo/olimpiada-rggu-dlya-shkolnikov.php
48,33,Олимпиада РГГУ для школьников,этап,Результаты заключительного этапа,до 12 марта 2027 включительно,да,2026-09-02,https://www.rsuh.ru/education/cdo/olimpiada-rggu-dlya-shkolnikov.php
48,33,Олимпиада РГГУ для школьников,этап,Показ работ,"запись 13–15 марта, показ 20 марта 2027, 10:00–19:00 МСК",да,2026-09-02,https://www.rsuh.ru/education/cdo/olimpiada-rggu-dlya-shkolnikov.php
48,33,Олимпиада РГГУ для школьников,этап,Окончательные результаты с учётом апелляций,до 2 апреля 2027 включительно,да,2026-09-02,https://www.rsuh.ru/education/cdo/olimpiada-rggu-dlya-shkolnikov.php
49,34,Олимпиада школьников «Гранит науки»,регистрация,,отдельной записи «на физику» нет: регистрация на отборочный тур идёт сразу по всем профилям 5 октября 2026 — 13 января 2027 в личном кабинете. Физика входит в профиль «Естественные науки (математика и физика)»; запись этого профиля на заключительный тур — 15 января — 5 февраля 2027 до 10:00 МСК; на заключительный тур информатики отдельная запись 15 января - 29 января 2027 до 10:00 МСК,да,2026-10-06,https://ogn.spmi.ru/
49,34,Олимпиада школьников «Гранит науки»,этап,Регистрация и отборочный тур по всем профилям,5 октября 2026 — 13 января 2027,да,2026-10-06,https://ogn.spmi.ru/
49,34,Олимпиада школьников «Гранит науки»,этап,Результаты отборочного тура,15 января 2027,да,2026-10-06,https://ogn.spmi.ru/
49,34,Олимпиада школьников «Гранит науки»,этап,"Регистрация на заключительный тур, профиль «Естественные науки» (математика и физика)","15 января — 5 февраля 2027, до 10:00 МСК",да,2026-10-06,https://ogn.spmi.ru/
49,34,Олимпиада школьников «Гранит науки»,этап,"Заключительный тур, профиль «Естественные науки»",13 февраля 2027,да,2026-10-06,https://ogn.spmi.ru/
49,34,Олимпиада школьников «Гранит науки»,этап,"Результаты первой проверки, «Естественные науки»",28 февраля 2027,да,2026-10-06,https://ogn.spmi.ru/
49,34,Олимпиада школьников «Гранит науки»,этап,"Результаты второй, контрольной проверки",12 марта 2027,да,2026-10-06,https://ogn.spmi.ru/
49,34,Олимпиада школьников «Гранит науки»,этап,Публикация результатов по всем профилям,25 марта 2027,да,2026-10-06,https://ogn.spmi.ru/
49,34,Олимпиада школьников «Гранит науки»,этап,Награждение победителей и призёров,май 2027,да,2026-10-06,https://ogn.spmi.ru/
49,34,Олимпиада школьников «Гранит науки»,этап,Регистрация на профиль «Информатика» заключительного тура,"15 января — 29 января 2027, до 10:00 МСК",да,2026-10-06,https://ogn.spmi.ru/
49,34,Олимпиада школьников «Гранит науки»,этап,"Заключительный тур, профиль «Информатика»",6 февраля 2027,да,2026-10-06,https://ogn.spmi.ru/
49,34,Олимпиада школьников «Гранит науки»,этап,"Результаты первой проверки, профиль «Информатика»","21 февраля 2027, не позднее 21:00 МСК",да,2026-10-06,https://ogn.spmi.ru/
49,34,Олимпиада школьников «Гранит науки»,этап,"Результаты второй, контрольной проверки, профиль «Информатика»",2 марта 2027,да,2026-10-06,https://ogn.spmi.ru/
49,34,Олимпиада школьников «Гранит науки»,этап,"Рассылка титульных листов и бланков, профиль «Информатика»",1 февраля 2027,да,2026-10-06,https://ogn.spmi.ru/
49,34,Олимпиада школьников «Гранит науки»,этап,"Заявления на ознакомление и апелляцию по первой проверке, профиль «Информатика»","22 февраля — 23 февраля 2027, до 10:00 МСК",да,2026-10-06,https://ogn.spmi.ru/
49,34,Олимпиада школьников «Гранит науки»,этап,"Апелляция по первой проверке, профиль «Информатика»","24 февраля 2027, 10:00–16:00 МСК",да,2026-10-06,https://ogn.spmi.ru/
49,34,Олимпиада школьников «Гранит науки»,этап,"Окончание второй, контрольной проверки, профиль «Информатика»",1 марта 2027,да,2026-10-06,https://ogn.spmi.ru/
49,34,Олимпиада школьников «Гранит науки»,этап,"Заявления на ознакомление и апелляцию по контрольной проверке, профиль «Информатика»","3 марта — 4 марта 2027, до 10:00 МСК",да,2026-10-06,https://ogn.spmi.ru/
49,34,Олимпиада школьников «Гранит науки»,этап,"Апелляция по контрольной проверке, профиль «Информатика»","5 марта 2027, 10:00–16:00 МСК",да,2026-10-06,https://ogn.spmi.ru/
50,35,Олимпиада школьников «Ломоносов»,регистрация,,"регистрация откроется во второй половине октября 2026 (новость организатора от 23.09.2026), день не назван, график отборочного этапа 2026/27 ещё не опубликован",нет,2026-10-08,https://olymp.msu.ru/
50,35,Олимпиада школьников «Ломоносов»,этап,Отборочный этап,в октябре - декабре 2026 года,нет,2026-10-08,https://olymp.msu.ru/
50,35,Олимпиада школьников «Ломоносов»,этап,Регистрация на заключительный этап и заключительный этап,"февраль - апрель 2027, точные дни ещё не опубликованы",нет,2026-10-08,https://olymp.msu.ru/
50,35,Олимпиада школьников «Ломоносов»,этап,Регистрация и отборочный этап,октябрь — декабрь 2025; по математике регистрация до 6 декабря 12:00 (сезон 2025/26),нет,2026-10-08,https://olymp.msu.ru/
50,35,Олимпиада школьников «Ломоносов»,этап,Заключительный этап по математике,"29 марта 2026, 11:00–14:00, МГУ и региональные площадки (сезон 2025/26)",нет,2026-10-08,https://olymp.msu.ru/
50,35,Олимпиада школьников «Ломоносов»,этап,Регистрация и отборочный этап по биологии,Регистрация во второй половине октября 2026; отбор октябрь-декабрь 2026; профильный график не опубликован,нет,2026-10-08,https://olymp.msu.ru/
50,35,Олимпиада школьников «Ломоносов»,этап,Заключительный этап по биологии,"Февраль-апрель 2027, общее окно; точный день не опубликован",нет,2026-10-08,https://olymp.msu.ru/
50,35,Олимпиада школьников «Ломоносов»,этап,"Общее окно отбора, без отдельных дней химии по химии",октябрь — декабрь 2026,да,2026-10-06,https://olymp.msu.ru/
50,35,Олимпиада школьников «Ломоносов»,этап,"Общее окно финала, без отдельных дней химии по химии",февраль — апрель 2027,да,2026-10-06,https://olymp.msu.ru/
51,36,Олимпиада школьников «Надежда энергетики»,регистрация,,Организатор опубликовал предполагаемый график 2026-2027. Сроки регистрации на сезон и на отдельные туры пока не названы в проверенных источниках. Форма создания учётной записи не подтверждает открытие записи на тур. Компьютерное моделирование в сезоне 2026-2027 не проводится.,нет,2026-10-07,https://ehope.ru/
51,36,Олимпиада школьников «Надежда энергетики»,этап,Тренировочный этап,"01 ноября 2026 (воскресенье), 11:00 по московскому времени, заочная форма",нет,2026-10-07,https://ehope.ru/
51,36,Олимпиада школьников «Надежда энергетики»,этап,Тренировочный этап,"08 ноября 2026 (воскресенье), 11:00 по московскому времени, заочная форма",нет,2026-10-07,https://ehope.ru/
51,36,Олимпиада школьников «Надежда энергетики»,этап,"Отборочный этап по информатике, попытка 1","15 ноября 2026 (воскресенье), 11:00 по московскому времени, заочная форма",нет,2026-10-07,https://ehope.ru/
51,36,Олимпиада школьников «Надежда энергетики»,этап,"Отборочный этап по физике, попытка 1","21 ноября 2026 (суббота), 11:00 по московскому времени, заочная форма",нет,2026-10-07,https://ehope.ru/
51,36,Олимпиада школьников «Надежда энергетики»,этап,"Отборочный этап по математике, попытка 1","22 ноября 2026 (воскресенье), 11:00 по московскому времени, заочная форма",нет,2026-10-07,https://ehope.ru/
51,36,Олимпиада школьников «Надежда энергетики»,этап,"Отборочный этап по математике, попытка 2","28 ноября 2026 (суббота), 11:00 по московскому времени, заочная форма",нет,2026-10-07,https://ehope.ru/
51,36,Олимпиада школьников «Надежда энергетики»,этап,"Отборочный этап по физике, попытка 2","29 ноября 2026 (воскресенье), 11:00 по московскому времени, заочная форма",нет,2026-10-07,https://ehope.ru/
51,36,Олимпиада школьников «Надежда энергетики»,этап,"Отборочный этап по информатике, попытка 2","06 декабря 2026 (воскресенье), 11:00 по московскому времени, заочная форма",нет,2026-10-07,https://ehope.ru/
51,36,Олимпиада школьников «Надежда энергетики»,этап,Результаты проверки работ отборочного этапа,последняя неделя января 2027,нет,2026-10-07,https://ehope.ru/
51,36,Олимпиада школьников «Надежда энергетики»,этап,Приём апелляций отборочного этапа,в течение двух дней после публикации,нет,2026-10-07,https://ehope.ru/
51,36,Олимпиада школьников «Надежда энергетики»,этап,Рассмотрение апелляций и публикация итогов отборочного этапа,до 5 февраля 2027,нет,2026-10-07,https://ehope.ru/
51,36,Олимпиада школьников «Надежда энергетики»,этап,Отбор по физике: конкурс Идеи энергетики,декабрь 2026 - январь 2027; открытие регистрации ожидается в 20-х числах декабря,нет,2026-10-07,https://ehope.ru/
51,36,Олимпиада школьников «Надежда энергетики»,этап,Отбор по физике: олимпиада Энергия образования,январь 2027,нет,2026-10-07,https://ehope.ru/
51,36,Олимпиада школьников «Надежда энергетики»,этап,Отбор по физике: конкурс Юный энергетик,январь 2027,нет,2026-10-07,https://ehope.ru/
51,36,Олимпиада школьников «Надежда энергетики»,этап,Отбор по физике: олимпиада группы компаний Россети,январь-февраль 2027,нет,2026-10-07,https://ehope.ru/
51,36,Олимпиада школьников «Надежда энергетики»,этап,Заключительный этап по информатике,"21 февраля 2027 (воскресенье), 11:00 по московскому времени, очная форма",нет,2026-10-07,https://ehope.ru/
51,36,Олимпиада школьников «Надежда энергетики»,этап,Заключительный этап по математике,"28 февраля 2027 (воскресенье), 11:00 по московскому времени, очная форма",нет,2026-10-07,https://ehope.ru/
51,36,Олимпиада школьников «Надежда энергетики»,этап,Заключительный этап по физике,"14 марта 2027 (воскресенье), 11:00 по московскому времени, очная форма",нет,2026-10-07,https://ehope.ru/
51,36,Олимпиада школьников «Надежда энергетики»,этап,График подведения итогов заключительного этапа,Формируется после подведения итогов отборочного этапа.,нет,2026-10-07,https://ehope.ru/
52,37,Олимпиада школьников «Покори Воробьевы горы!»,этап,Регистрация на отборочный этап,открылась 1 декабря 2025 (сезон 2025/26),нет,2026-09-27,https://pvg.mk.ru/
52,37,Олимпиада школьников «Покори Воробьевы горы!»,этап,Отборочный дистанционный этап,"15 декабря 2025 — 19 января 2026, 12:00 МСК (сезон 2025/26)",нет,2026-09-27,https://pvg.mk.ru/
52,37,Олимпиада школьников «Покори Воробьевы горы!»,этап,Заключительный этап по математике,"5 апреля 2026, 10:00–13:00, семь региональных площадок (сезон 2025/26)",нет,2026-09-27,https://pvg.mk.ru/
54,38,Олимпиада школьников «Физтех»,регистрация,,"запись открыта с 7 сентября 2026, 10:00 МСК; учётную запись и данные профиля нужно подтвердить не позднее чем за 24 часа до тура: для первого тура по физике — до 3 октября 2026, 10:00 МСК, по математике — до 10 октября, 10:00 МСК, по русскому языку — до 30 октября, 10:00 МСК; при подтверждённых данных повторная регистрация на следующие туры не нужна; эти сроки относятся к математике, физике и русскому языку. Для информатики отдельная площадка https://uc1.1c.ru/olymp-mipt, сроки 2026-2027 проверить не удалось из-за запрета сети",да,2026-10-07,https://olymp-online.mipt.ru/
54,38,Олимпиада школьников «Физтех»,этап,Открытие регистрации на отборочный этап,"Запись открыта с 7 сентября 2026, 10:00 МСК; подтверждение данных профиля требуется за 24 часа до первого тура, для уже подтверждённых профилей повторная запись не нужна",да,2026-10-07,https://olymp-online.mipt.ru/
54,38,Олимпиада школьников «Физтех»,этап,"Отборочный этап, 1 тур (математика, 9–11 кл.)","11 октября, 10:00 МСК; регистрация до 10 октября 10:00 МСК",да,2026-10-07,https://olymp-online.mipt.ru/
54,38,Олимпиада школьников «Физтех»,этап,"Отборочный этап, 2 тур (математика, 9–11 кл.)","1 ноября, 8:00 МСК; регистрация до 31 октября 8:00 МСК",да,2026-10-07,https://olymp-online.mipt.ru/
54,38,Олимпиада школьников «Физтех»,этап,"Отборочный этап, 3 тур (математика, 11 кл.)","7 ноября, 10:00 МСК; регистрация до 6 ноября 10:00 МСК",да,2026-10-07,https://olymp-online.mipt.ru/
54,38,Олимпиада школьников «Физтех»,этап,Заключительный этап по математике,14 февраля,да,2026-10-07,https://olymp-online.mipt.ru/
54,38,Олимпиада школьников «Физтех»,этап,"Отборочный этап, 1 тур (физика, 9–11 кл.)","4 октября 2026, 10:25-14:25 МСК; загрузка решений до 15:25 МСК; подтверждение профиля до 3 октября 10:00 МСК",да,2026-10-07,https://olymp-online.mipt.ru/
54,38,Олимпиада школьников «Физтех»,этап,"Отборочный этап, 2 тур (физика, 9–11 кл.)","25 октября, 8:00 МСК; регистрация до 24 октября 8:00 МСК",да,2026-10-07,https://olymp-online.mipt.ru/
54,38,Олимпиада школьников «Физтех»,этап,"Отборочный этап, 3 тур (физика, 11 кл.)","8 ноября, 10:00 МСК; регистрация до 7 ноября 10:00 МСК",да,2026-10-07,https://olymp-online.mipt.ru/
54,38,Олимпиада школьников «Физтех»,этап,Заключительный этап по физике,13 февраля,да,2026-10-07,https://olymp-online.mipt.ru/
54,38,Олимпиада школьников «Физтех»,этап,"Отборочный этап, 1 тур (русский язык, 9–11 кл.)",8 ноября — 8 декабря 2026; регистрация до 30 октября 10:00 МСК,да,2026-10-07,https://olymp-online.mipt.ru/
54,38,Олимпиада школьников «Физтех»,этап,Заключительный этап по русскому языку,13 февраля,да,2026-10-07,https://olymp-online.mipt.ru/
54,38,Олимпиада школьников «Физтех»,этап,Регистрация на заключительный этап,"28 января — 8 февраля 2026, 13:00 МСК (сезон 2025/26)",нет,2026-10-07,https://olymp-online.mipt.ru/
54,38,Олимпиада школьников «Физтех»,этап,Профиль «научно-технический» («Старт в науку»): приём научных работ и основное тестирование,до 30 декабря 2026 года (start.mipt.ru),да,2026-10-07,https://olymp-online.mipt.ru/
54,38,Олимпиада школьников «Физтех»,этап,Профиль «научно-технический» («Старт в науку»): итоги оценки научных работ,до 31 января 2027 года (start.mipt.ru),да,2026-10-07,https://olymp-online.mipt.ru/
54,38,Олимпиада школьников «Физтех»,этап,Профиль «научно-технический» («Старт в науку»): заключительный этап,"27 марта — 4 апреля 2027 года, очно в г. Долгопрудный (start.mipt.ru)",да,2026-10-07,https://olymp-online.mipt.ru/
54,38,Олимпиада школьников «Физтех»,этап,Апелляция первого отборочного тура по физике,"5 октября 2026, 18:00 — 6 октября 2026, 18:00 МСК",да,2026-10-07,https://olymp-online.mipt.ru/
54,38,Олимпиада школьников «Физтех»,этап,"Профиль «биология»: отборочный этап, первая попытка","20 декабря 2026, дистанционно; кабинет можно создать в день проведения",да,2026-10-07,https://olymp-online.mipt.ru/
54,38,Олимпиада школьников «Физтех»,этап,"Профиль «биология»: отборочный этап, вторая попытка","9 января 2027, дистанционно",да,2026-10-07,https://olymp-online.mipt.ru/
54,38,Олимпиада школьников «Физтех»,этап,Профиль «биология»: регистрация на заключительный этап,предварительно 18–31 января 2027,нет,2026-10-07,https://olymp-online.mipt.ru/
54,38,Олимпиада школьников «Физтех»,этап,"Профиль «биология»: заключительный этап, расхождение источников",главная https://bio-olymp.mipt.ru/ — 22 февраля 2027; новость https://bio-olymp.mipt.ru/articles/158 — 22 февраля 2026; год требует уточнения организатора; очно в МФТИ и регионах,нет,2026-10-07,https://olymp-online.mipt.ru/
54,38,Олимпиада школьников «Физтех»,этап,Профиль «инженерное дело»: первый отборочный этап,"15 октября — 25 ноября 2026, заочно на abitu.net; 8–11 классы",да,2026-10-07,https://olymp-online.mipt.ru/
54,38,Олимпиада школьников «Физтех»,этап,Профиль «инженерное дело»: второй отборочный этап,"5 декабря 2026 — 15 января 2027, заочно на abitu.net; заголовочное окно события площадки заканчивается 16 января, но текст организатора задаёт отбор до 15 января",да,2026-10-07,https://olymp-online.mipt.ru/
54,38,Олимпиада школьников «Физтех»,этап,Профиль «инженерное дело»: заключительный этап,"март 2027, очно; точная дата и площадки будут объявлены после результатов отбора",да,2026-10-07,https://olymp-online.mipt.ru/
54,38,Олимпиада школьников «Физтех»,этап,Онлайн-отбор по химии,15 декабря 2026 — 10 января 2027,да,2026-10-06,https://chem-olymp.mipt.ru/
54,38,Олимпиада школьников «Физтех»,этап,Очный финал по химии,21 февраля 2027,да,2026-10-06,https://chem-olymp.mipt.ru/
54,38,Олимпиада школьников «Физтех»,этап,Закрытие онлайн-отбора по химии,10 января 2027,да,2026-10-06,https://chem-olymp.mipt.ru/
55,39,Олимпиада школьников «Шаг в будущее»,регистрация,,"регистрация на отборочный этап сезона 2026/27 открыта с 14.09.2026; на профиль «Математика» запись откроется позже, вместе с информацией о новом формате",да,2026-10-02,https://olymp.bmstu.ru/ru
55,39,Олимпиада школьников «Шаг в будущее»,этап,Регистрация,открыта с 14.09.2026; на «Математику» — позже,да,2026-10-02,https://olymp.bmstu.ru/ru
55,39,Олимпиада школьников «Шаг в будущее»,этап,"Отборочный этап по физике, 1 волна",23–25 октября 2026,да,2026-10-02,https://olymp.bmstu.ru/ru
55,39,Олимпиада школьников «Шаг в будущее»,этап,"Отборочный этап по информатике, 1 волна",23–25 октября 2026,да,2026-10-02,https://olymp.bmstu.ru/ru
55,39,Олимпиада школьников «Шаг в будущее»,этап,Отборочный этап по математике,"16–22 ноября 2026; запись на профиль откроется позже, формат новый",да,2026-10-02,https://olymp.bmstu.ru/ru
55,39,Олимпиада школьников «Шаг в будущее»,этап,"Отборочный этап по физике, 2 волна",5–7 декабря 2026,да,2026-10-02,https://olymp.bmstu.ru/ru
55,39,Олимпиада школьников «Шаг в будущее»,этап,"Отборочный этап по информатике, 2 волна",5–7 декабря 2026,да,2026-10-02,https://olymp.bmstu.ru/ru
55,39,Олимпиада школьников «Шаг в будущее»,этап,Первое отборочное соревнование по химии,"8 ноября 2026, 150 минут",да,2026-10-06,https://olymp.bmstu.ru/ru/khimiya
55,39,Олимпиада школьников «Шаг в будущее»,этап,Второе отборочное соревнование по химии,"29 ноября 2026, 150 минут",да,2026-10-06,https://olymp.bmstu.ru/ru/khimiya
56,40,Олимпиада школьников по информатике и программированию,этап,"ИОИП, первый отборочный тур","1 февраля 2026, 13:00, 5 часов (сезон 2025/26)",нет,2026-09-27,https://neerc.ifmo.ru/school/ioip/
56,40,Олимпиада школьников по информатике и программированию,этап,"ИОИП, второй отборочный тур","28 февраля 2026, 15:00, 5 часов (сезон 2025/26)",нет,2026-09-27,https://neerc.ifmo.ru/school/ioip/
56,40,Олимпиада школьников по информатике и программированию,этап,"ИОИП, заключительный этап",5 апреля 2026 (сезон 2025/26),нет,2026-09-27,https://neerc.ifmo.ru/school/ioip/
56,40,Олимпиада школьников по информатике и программированию,этап,"ВКОШП, отборочный интернет-тур",16 ноября 2025 (сезон 2025/26),нет,2026-09-27,https://neerc.ifmo.ru/school/ioip/
56,40,Олимпиада школьников по информатике и программированию,этап,"ВКОШП, заключительный этап","15–16 декабря 2025, Санкт-Петербург, Новосибирск, Сириус, Алматы (сезон 2025/26)",нет,2026-09-27,https://neerc.ifmo.ru/school/ioip/
57,41,Олимпиада школьников по программированию «ТехноКубок»,регистрация,,регистрация на сезон 2026/27 открыта на All Cups; расписание туров на сайте организатора пока за 2025/26,нет,2026-09-28,https://techno-cup.ru/
57,41,Олимпиада школьников по программированию «ТехноКубок»,этап,Регистрация,открыта: «Регистрируйся для участия в 2026-2027 гг.»,да,2026-09-28,https://techno-cup.ru/
57,41,Олимпиада школьников по программированию «ТехноКубок»,этап,Регистрация,"6 ноября — 7 декабря, начало 10:00 3 ноября, окончание 20:00 7 декабря (сезон 2025/26)",нет,2026-09-28,https://techno-cup.ru/
57,41,Олимпиада школьников по программированию «ТехноКубок»,этап,Ознакомительный раунд,10:00 6 ноября — 14:00 7 декабря (сезон 2025/26),нет,2026-09-28,https://techno-cup.ru/
57,41,Олимпиада школьников по программированию «ТехноКубок»,этап,"Первый отборочный этап, 1 раунд",14:05 16 ноября (сезон 2025/26),нет,2026-09-28,https://techno-cup.ru/
57,41,Олимпиада школьников по программированию «ТехноКубок»,этап,"Первый отборочный этап, 2 раунд",10:05 7 декабря (сезон 2025/26),нет,2026-09-28,https://techno-cup.ru/
57,41,Олимпиада школьников по программированию «ТехноКубок»,этап,"Второй отборочный этап, офлайн","10:35 8 февраля, более 25 площадок (сезон 2025/26)",нет,2026-09-28,https://techno-cup.ru/
57,41,Олимпиада школьников по программированию «ТехноКубок»,этап,"Заключительный этап, офлайн","13–15 марта, МФТИ, Долгопрудный (сезон 2025/26)",нет,2026-09-28,https://techno-cup.ru/
58,42,Олимпиада школьников Российской академии народного хозяйства и государственной службы при Президенте Российской Федерации,регистрация,,"с 10:00 16 сентября до 18:00 18 ноября 2026 (регистрация на отборочный этап); на8 октября основной сайт обновляется, текущую доступность пути участия подтвердить не удалось",да,2026-09-30,https://www.ranepa.ru/olymp/
58,42,Олимпиада школьников Российской академии народного хозяйства и государственной службы при Президенте Российской Федерации,этап,Регистрация на отборочный этап,16.09.2026 10:00 — 18.11.2026 18:00,да,2026-09-30,https://www.ranepa.ru/olymp/
58,42,Олимпиада школьников Российской академии народного хозяйства и государственной службы при Президенте Российской Федерации,этап,"Отборочный этап, онлайн",с 20 октября по 18 ноября 2026 года,да,2026-09-30,https://www.ranepa.ru/olymp/
58,42,Олимпиада школьников Российской академии народного хозяйства и государственной службы при Президенте Российской Федерации,этап,Результаты отборочного этапа,22.12.2026,да,2026-09-30,https://www.ranepa.ru/olymp/
58,42,Олимпиада школьников Российской академии народного хозяйства и государственной службы при Президенте Российской Федерации,этап,Регистрация победителей и призёров отбора на заключительный этап,22.12.2026 — 18.01.2027,да,2026-09-30,https://www.ranepa.ru/olymp/
58,42,Олимпиада школьников Российской академии народного хозяйства и государственной службы при Президенте Российской Федерации,этап,"Заключительный этап, очно",30.01.2027 — 11.02.2027,да,2026-09-30,https://www.ranepa.ru/olymp/
58,42,Олимпиада школьников Российской академии народного хозяйства и государственной службы при Президенте Российской Федерации,этап,Окончательные результаты заключительного этапа,08.04.2027,да,2026-09-30,https://www.ranepa.ru/olymp/
59,43,Олимпиада школьников Санкт-Петербургского государственного университета,регистрация,,регистрация на олимпиаду с 10 октября до 16:00 МСК 1 декабря 2026; заявление на предмет — с 20 октября,да,2026-10-07,https://olympiada.spbu.ru/
59,43,Олимпиада школьников Санкт-Петербургского государственного университета,этап,Регистрация на Олимпиаду,10 октября — 1 декабря 2026 (до 16:00),да,2026-10-07,https://olympiada.spbu.ru/
59,43,Олимпиада школьников Санкт-Петербургского государственного университета,этап,Отборочный этап,20 октября – 1 декабря 2026,да,2026-10-07,https://olympiada.spbu.ru/
59,43,Олимпиада школьников Санкт-Петербургского государственного университета,этап,Публикация результатов отборочного этапа,25 декабря 2026,да,2026-10-07,https://olympiada.spbu.ru/
59,43,Олимпиада школьников Санкт-Петербургского государственного университета,этап,Регистрация на заключительный этап,с 30 декабря 2026,да,2026-10-07,https://olympiada.spbu.ru/
59,43,Олимпиада школьников Санкт-Петербургского государственного университета,этап,Заключительный этап,январь – 9 марта 2027,да,2026-10-07,https://olympiada.spbu.ru/
59,43,Олимпиада школьников Санкт-Петербургского государственного университета,этап,Публикация предварительных результатов заключительного этапа,22 марта 2027,да,2026-10-07,https://olympiada.spbu.ru/
59,43,Олимпиада школьников Санкт-Петербургского государственного университета,этап,Приём заявлений на показ работ,23 марта 2027,да,2026-10-07,https://olympiada.spbu.ru/
59,43,Олимпиада школьников Санкт-Петербургского государственного университета,этап,Показ работ,26–27 марта 2027,да,2026-10-07,https://olympiada.spbu.ru/
59,43,Олимпиада школьников Санкт-Петербургского государственного университета,этап,Подача апелляционных заявлений,"28 марта 2027, до 14:00 МСК",да,2026-10-07,https://olympiada.spbu.ru/
59,43,Олимпиада школьников Санкт-Петербургского государственного университета,этап,Рассмотрение апелляционных заявлений,29 марта — 1 апреля 2027,да,2026-10-07,https://olympiada.spbu.ru/
59,43,Олимпиада школьников Санкт-Петербургского государственного университета,этап,Окончательные результаты за 2026/27 учебный год,5 апреля 2027,да,2026-10-07,https://olympiada.spbu.ru/
59,43,Олимпиада школьников Санкт-Петербургского государственного университета,этап,Регистрация на профиль «Биология»,10 октября - 1 декабря 2026 до 16:00 МСК; заявление на предмет с 20 октября,да,2026-10-07,https://olympiada.spbu.ru/
59,43,Олимпиада школьников Санкт-Петербургского государственного университета,этап,Отборочный этап по биологии,"20 октября - 1 декабря 2026 включительно,60 минут",да,2026-10-07,https://olympiada.spbu.ru/
59,43,Олимпиада школьников Санкт-Петербургского государственного университета,этап,Заключительный этап по биологии,"Общее окно январь - 9 марта 2027, точного дня нет; 5-6 классы 120 мин,7-11 классы 180 мин",да,2026-10-07,https://olympiada.spbu.ru/
59,43,Олимпиада школьников Санкт-Петербургского государственного университета,этап,Общая регистрация по химии,"10 октября — 1 декабря 2026, до 16:00 МСК",да,2026-10-06,https://olympiada.spbu.ru/
59,43,Олимпиада школьников Санкт-Петербургского государственного университета,этап,Общее окно отбора по химии,20 октября — 1 декабря 2026,да,2026-10-06,https://olympiada.spbu.ru/
59,43,Олимпиада школьников Санкт-Петербургского государственного университета,этап,Результаты отбора по химии,25 декабря 2026,да,2026-10-06,https://olympiada.spbu.ru/
59,43,Олимпиада школьников Санкт-Петербургского государственного университета,этап,Начало записи на финал по химии,30 декабря 2026,да,2026-10-06,https://olympiada.spbu.ru/
59,43,Олимпиада школьников Санкт-Петербургского государственного университета,этап,"Общее окно финалов, без дня химии по химии",январь — 9 марта 2027,да,2026-10-06,https://olympiada.spbu.ru/
59,43,Олимпиада школьников Санкт-Петербургского государственного университета,этап,"Закрытие апелляций, общий срок включая химию","28 марта 2027, 14:00 МСК",да,2026-10-06,https://olympiada.spbu.ru/
59,43,Олимпиада школьников Санкт-Петербургского государственного университета,этап,"Закрытие общей регистрации, включая химию, 16:00 МСК","1 декабря 2026, 16:00 МСК",да,2026-10-06,https://olympiada.spbu.ru/
59,43,Олимпиада школьников Санкт-Петербургского государственного университета,этап,"Закрытие общего отбора, включая химию; точный час не назван",1 декабря 2026,да,2026-10-06,https://olympiada.spbu.ru/
59,43,Олимпиада школьников Санкт-Петербургского государственного университета,этап,"Предварительные итоги финала, общий срок включая химию",22 марта 2027,да,2026-10-06,https://olympiada.spbu.ru/
59,43,Олимпиада школьников Санкт-Петербургского государственного университета,этап,"Запрос показа работ, общий срок включая химию",23 марта 2027,да,2026-10-06,https://olympiada.spbu.ru/
59,43,Олимпиада школьников Санкт-Петербургского государственного университета,этап,"Начало показа работ, общий срок включая химию",26 марта 2027,да,2026-10-06,https://olympiada.spbu.ru/
59,43,Олимпиада школьников Санкт-Петербургского государственного университета,этап,"Завершение показа работ, общий срок включая химию",27 марта 2027,да,2026-10-06,https://olympiada.spbu.ru/
59,43,Олимпиада школьников Санкт-Петербургского государственного университета,этап,"Начало рассмотрения апелляций, общий срок включая химию",29 марта 2027,да,2026-10-06,https://olympiada.spbu.ru/
59,43,Олимпиада школьников Санкт-Петербургского государственного университета,этап,"Завершение рассмотрения апелляций, общий срок включая химию",1 апреля 2027,да,2026-10-06,https://olympiada.spbu.ru/
59,43,Олимпиада школьников Санкт-Петербургского государственного университета,этап,"Окончательные итоги, общий срок включая химию",5 апреля 2027,да,2026-10-06,https://olympiada.spbu.ru/
60,44,Олимпиада школьников федерального государственного бюджетного образовательного учреждения высшего образования «Всероссийский государственный университет юстиции (РПА Минюста России)» «В мир права»,этап,Регистрация на отборочный этап,15 октября — 30 ноября 2025 (сезон 2025/26),нет,2026-09-27,https://rpa-mu.wixsite.com/my-site
60,44,Олимпиада школьников федерального государственного бюджетного образовательного учреждения высшего образования «Всероссийский государственный университет юстиции (РПА Минюста России)» «В мир права»,этап,Отборочный этап,7 декабря 2025 (сезон 2025/26),нет,2026-09-27,https://rpa-mu.wixsite.com/my-site
60,44,Олимпиада школьников федерального государственного бюджетного образовательного учреждения высшего образования «Всероссийский государственный университет юстиции (РПА Минюста России)» «В мир права»,этап,Результаты отборочного этапа,"предварительные 23 декабря, окончательные 26 декабря 2025 (сезон 2025/26)",нет,2026-09-27,https://rpa-mu.wixsite.com/my-site
60,44,Олимпиада школьников федерального государственного бюджетного образовательного учреждения высшего образования «Всероссийский государственный университет юстиции (РПА Минюста России)» «В мир права»,этап,Регистрация на заключительный этап,29 декабря 2025 — 25 февраля 2026 (сезон 2025/26),нет,2026-09-27,https://rpa-mu.wixsite.com/my-site
60,44,Олимпиада школьников федерального государственного бюджетного образовательного учреждения высшего образования «Всероссийский государственный университет юстиции (РПА Минюста России)» «В мир права»,этап,Заключительный этап,1 марта 2026 (сезон 2025/26),нет,2026-09-27,https://rpa-mu.wixsite.com/my-site
60,44,Олимпиада школьников федерального государственного бюджетного образовательного учреждения высшего образования «Всероссийский государственный университет юстиции (РПА Минюста России)» «В мир права»,этап,Результаты заключительного этапа,"предварительные 25 марта, окончательные 28 марта 2026 (сезон 2025/26)",нет,2026-09-27,https://rpa-mu.wixsite.com/my-site
61,45,Олимпиада Юношеской математической школы,регистрация,,"запись на отборочные туры открыта на платформе Т-Образования, ссылка на странице олимпиады; на заключительный тур — до 23:59 12 декабря (7–11 классы) и до 23:59 16 января (4–6 классы), даты финала организатор называет ориентировочными",да,2026-10-04,https://yumsh.ru/cms/yumsh-olymp/2026-27
61,45,Олимпиада Юношеской математической школы,этап,"Отборочный тур, первая попытка","13 сентября 2026 (воскресенье), 10:00 МСК",да,2026-10-04,https://yumsh.ru/cms/yumsh-olymp/2026-27
61,45,Олимпиада Юношеской математической школы,этап,Результаты первого отборочного тура,не позднее 16 октября 2026,да,2026-10-04,https://yumsh.ru/cms/yumsh-olymp/2026-27
61,45,Олимпиада Юношеской математической школы,этап,"Отборочный тур, вторая попытка","17 октября 2026 (суббота), 16:00 МСК",да,2026-10-04,https://yumsh.ru/cms/yumsh-olymp/2026-27
61,45,Олимпиада Юношеской математической школы,этап,"Заключительный очный тур, 7–11 классы",ориентировочно 13 декабря 2026,нет,2026-10-04,https://yumsh.ru/cms/yumsh-olymp/2026-27
61,45,Олимпиада Юношеской математической школы,этап,"Заключительный очный тур, 4–6 классы",ориентировочно 17 января 2027,нет,2026-10-04,https://yumsh.ru/cms/yumsh-olymp/2026-27
62,46,Открытая межвузовская олимпиада школьников «Будущее Сибири»,регистрация,,1 октября — 1 декабря 2026; регистрация по физике и химии общая на сайте олимпиады; на 02.10 кнопка организатора ещё помечена «Скоро регистрация»,да,2026-10-02,https://olymp-sibir.nstu.ru/
62,46,Открытая межвузовская олимпиада школьников «Будущее Сибири»,этап,Регистрация участников,1 октября — 1 декабря 2026,да,2026-10-02,https://olymp-sibir.nstu.ru/
62,46,Открытая межвузовская олимпиада школьников «Будущее Сибири»,этап,"Отборочный этап, заочно",1–28 декабря 2026,да,2026-10-02,https://olymp-sibir.nstu.ru/
62,46,Открытая межвузовская олимпиада школьников «Будущее Сибири»,этап,"Заключительный этап, очно",25 января — 15 марта 2027; день внутри окна организатор пока не назвал,да,2026-10-02,https://olymp-sibir.nstu.ru/
62,46,Открытая межвузовская олимпиада школьников «Будущее Сибири»,этап,Закрытие общей регистрации по химии,1 декабря 2026,да,2026-10-06,https://olymp-sibir.nstu.ru/
62,46,Открытая межвузовская олимпиада школьников «Будущее Сибири»,этап,Отборочный этап по химии,"13 декабря 2026, 120 минут",да,2026-10-06,https://olymp-sibir.nstu.ru/
62,46,Открытая межвузовская олимпиада школьников «Будущее Сибири»,этап,Заключительный этап по химии,"28 февраля 2027, не более 235 минут",да,2026-10-06,https://olymp-sibir.nstu.ru/
64,47,Открытая олимпиада школьников,этап,"Отборочный этап, 5–9 классы, два тура","1-й тур 3–9 декабря, 2-й тур 4–10 февраля (сезон 2025/26)",нет,2026-10-08,https://olymp.itmo.ru/
64,47,Открытая олимпиада школьников,этап,"Отборочный этап, 10–11 классы, с прокторингом",17 января 11:00 — 19 января 21:00 МСК (сезон 2025/26),нет,2026-10-08,https://olymp.itmo.ru/
64,47,Открытая олимпиада школьников,этап,Заключительный этап,"14 марта, очно (сезон 2025/26)",нет,2026-10-08,https://olymp.itmo.ru/
64,47,Открытая олимпиада школьников,этап,"Отборочный этап по физике, 1 тур (общий с научно-техническим профилем), дистанционно",с 02 декабря 2026 г. по 13 декабря 2026 г. включительно,да,2026-10-08,https://olymp.itmo.ru/
64,47,Открытая олимпиада школьников,этап,"Отборочный этап по физике, 2 тур, дистанционно",с 03 февраля 2027 г. по 14 февраля 2027 г. включительно,да,2026-10-08,https://olymp.itmo.ru/
64,47,Открытая олимпиада школьников,этап,"Заключительный этап по физике, очно",21 марта 2027 г.; площадки будут объявлены позднее,да,2026-10-08,https://olymp.itmo.ru/
65,48,Открытая олимпиада школьников по программированию,этап,"Отборочный этап, длинный тур",2 декабря 2025 — 14 января 2026 (сезон 2025/26),нет,2026-09-27,https://inf-open.ru/
65,48,Открытая олимпиада школьников по программированию,этап,Приглашение на заключительный этап,от 300 до 600 участников по итогам длинного тура (сезон 2025/26),нет,2026-09-27,https://inf-open.ru/
65,48,Открытая олимпиада школьников по программированию,этап,Заключительный этап,"5–7 марта 2026, туры 6 и 7 марта, 10:00–15:00 МСК (сезон 2025/26)",нет,2026-09-27,https://inf-open.ru/
67,49,Открытая региональная межвузовская олимпиада школьников (ОРМО) с международным участием,регистрация,,"1 октября 2026 — 10 января 2027, регистрация и дистанционный отборочный на postupi.tsu.ru; на заключительный этап регистрация не требуется",да,2026-10-02,https://info.abiturient.tsu.ru/ru/content/date-ORMO
67,49,Открытая региональная межвузовская олимпиада школьников (ОРМО) с международным участием,этап,Отборочный этап дистанционно,"1 октября 2026 — 10 января 2027, на postupitsu.ru",да,2026-10-02,https://info.abiturient.tsu.ru/ru/content/date-ORMO
67,49,Открытая региональная межвузовская олимпиада школьников (ОРМО) с международным участием,этап,"Отборочный этап очно, география","7 ноября 2026, по заявкам от школ",да,2026-10-02,https://info.abiturient.tsu.ru/ru/content/date-ORMO
67,49,Открытая региональная межвузовская олимпиада школьников (ОРМО) с международным участием,этап,"Отборочный этап очно, русский язык","14 ноября 2026, по заявкам от школ",да,2026-10-02,https://info.abiturient.tsu.ru/ru/content/date-ORMO
67,49,Открытая региональная межвузовская олимпиада школьников (ОРМО) с международным участием,этап,"Отборочный этап очно, математика (вне Перечня)","21 ноября 2026, по заявкам от школ, баллы за индивидуальные достижения",да,2026-10-02,https://info.abiturient.tsu.ru/ru/content/date-ORMO
67,49,Открытая региональная межвузовская олимпиада школьников (ОРМО) с международным участием,этап,"Отборочный этап очно, биология (вне Перечня)","21 ноября 2026, по заявкам от школ, баллы за индивидуальные достижения",да,2026-10-02,https://info.abiturient.tsu.ru/ru/content/date-ORMO
67,49,Открытая региональная межвузовская олимпиада школьников (ОРМО) с международным участием,этап,"Отборочный этап очно, издательское дело (вне Перечня)","21 ноября 2026, по заявкам от школ, баллы за индивидуальные достижения",да,2026-10-02,https://info.abiturient.tsu.ru/ru/content/date-ORMO
67,49,Открытая региональная межвузовская олимпиада школьников (ОРМО) с международным участием,этап,"Отборочный этап очно, литература","28 ноября 2026, по заявкам от школ",да,2026-10-02,https://info.abiturient.tsu.ru/ru/content/date-ORMO
67,49,Открытая региональная межвузовская олимпиада школьников (ОРМО) с международным участием,этап,"Отборочный этап очно, информатика (вне Перечня)","28 ноября 2026, по заявкам от школ, баллы за индивидуальные достижения",да,2026-10-02,https://info.abiturient.tsu.ru/ru/content/date-ORMO
67,49,Открытая региональная межвузовская олимпиада школьников (ОРМО) с международным участием,этап,"Заключительный этап, очно","26–28 февраля 2027, Томск и площадки СФО, Якутии, Челябинска, СНГ",да,2026-10-02,https://info.abiturient.tsu.ru/ru/content/date-ORMO
67,49,Открытая региональная межвузовская олимпиада школьников (ОРМО) с международным участием,этап,"Заключительный этап, математика (вне Перечня)","26 февраля 2027, 15:00, баллы за индивидуальные достижения",да,2026-10-02,https://info.abiturient.tsu.ru/ru/content/date-ORMO
67,49,Открытая региональная межвузовская олимпиада школьников (ОРМО) с международным участием,этап,"Заключительный этап, география","26 февраля 2027, 15:00",да,2026-10-02,https://info.abiturient.tsu.ru/ru/content/date-ORMO
67,49,Открытая региональная межвузовская олимпиада школьников (ОРМО) с международным участием,этап,"Заключительный этап, история","27 февраля 2027, 10:00",да,2026-10-02,https://info.abiturient.tsu.ru/ru/content/date-ORMO
67,49,Открытая региональная межвузовская олимпиада школьников (ОРМО) с международным участием,этап,"Заключительный этап, информатика (вне Перечня)","27 февраля 2027, 10:00, баллы за индивидуальные достижения",да,2026-10-02,https://info.abiturient.tsu.ru/ru/content/date-ORMO
67,49,Открытая региональная межвузовская олимпиада школьников (ОРМО) с международным участием,этап,"Заключительный этап, литература","27 февраля 2027, 15:00",да,2026-10-02,https://info.abiturient.tsu.ru/ru/content/date-ORMO
67,49,Открытая региональная межвузовская олимпиада школьников (ОРМО) с международным участием,этап,"Заключительный этап, физика","27 февраля 2027, 15:00",да,2026-10-02,https://info.abiturient.tsu.ru/ru/content/date-ORMO
67,49,Открытая региональная межвузовская олимпиада школьников (ОРМО) с международным участием,этап,"Заключительный этап, биология (вне Перечня)","27 февраля 2027, 15:00, баллы за индивидуальные достижения",да,2026-10-02,https://info.abiturient.tsu.ru/ru/content/date-ORMO
67,49,Открытая региональная межвузовская олимпиада школьников (ОРМО) с международным участием,этап,"Заключительный этап, русский язык","28 февраля 2027, 10:00",да,2026-10-02,https://info.abiturient.tsu.ru/ru/content/date-ORMO
67,49,Открытая региональная межвузовская олимпиада школьников (ОРМО) с международным участием,этап,Дистанционная регистрация и отбор по химии,1 октября 2026 — 10 января 2027,да,2026-10-06,https://info.abiturient.tsu.ru/ru/content/date-ORMO
67,49,Открытая региональная межвузовская олимпиада школьников (ОРМО) с международным участием,этап,"Общее окно очного отбора, отдельный день химии ещё не назван по химии",13–22 ноября 2026,да,2026-10-06,https://info.abiturient.tsu.ru/ru/content/date-ORMO
67,49,Открытая региональная межвузовская олимпиада школьников (ОРМО) с международным участием,этап,Заключительный этап в Томске по химии,"27 февраля 2027, 10:00 по времени Томска; другие площадки уточняют местные часы",да,2026-10-06,https://info.abiturient.tsu.ru/ru/content/date-ORMO
67,49,Открытая региональная межвузовская олимпиада школьников (ОРМО) с международным участием,этап,Закрытие дистанционной записи и отбора по химии,10 января 2027,да,2026-10-06,https://info.abiturient.tsu.ru/ru/content/date-ORMO
67,49,Открытая региональная межвузовская олимпиада школьников (ОРМО) с международным участием,этап,"Конец общего окна очного отбора, отдельный день химии ещё не назван",22 ноября 2026,да,2026-10-06,https://info.abiturient.tsu.ru/ru/content/date-ORMO
68,50,Открытая химическая олимпиада,регистрация,,"Точное окно регистрации сезона 2026/27 не опубликовано; календарь отбора размещён на основной странице организатора, год начала на странице регистрации с ним расходится",да,2026-10-07,https://misis.ru/applicants/school-leavers/competitions/oho/
68,50,Открытая химическая олимпиада,этап,Дистанционный отбор по химии,"22 октября 2026, открытие заданий в 10:00, — 22 января 2027; часовой пояс не указан",да,2026-10-06,https://misis.ru/applicants/school-leavers/competitions/oho/
68,50,Открытая химическая олимпиада,этап,Закрытие дистанционного отбора по химии; часы ещё не названы,22 января 2027,да,2026-10-06,https://misis.ru/applicants/school-leavers/competitions/oho/
69,51,Отраслевая олимпиада школьников «Газпром»,регистрация,,"зарегистрироваться нужно до 15 января 2027; дату открытия записи организатор не называет, личный кабинет работает",да,2026-10-07,https://olympiad.gazprom.ru/
69,51,Отраслевая олимпиада школьников «Газпром»,этап,"Подготовительный этап, профиль «Физика»",10–31 октября 2026,да,2026-10-07,https://olympiad.gazprom.ru/
69,51,Отраслевая олимпиада школьников «Газпром»,этап,"Подготовительный этап, профиль «Инженерное дело»",10–31 октября 2026,да,2026-10-07,https://olympiad.gazprom.ru/
69,51,Отраслевая олимпиада школьников «Газпром»,этап,"Первый (отборочный) этап, заочно",1 ноября 2026 — 15 января 2027,да,2026-10-07,https://olympiad.gazprom.ru/
69,51,Отраслевая олимпиада школьников «Газпром»,этап,Регистрация,до 15 января 2027,да,2026-10-07,https://olympiad.gazprom.ru/
69,51,Отраслевая олимпиада школьников «Газпром»,этап,Второй (заключительный) этап,дата уточняется организатором,нет,2026-10-07,https://olympiad.gazprom.ru/
69,51,Отраслевая олимпиада школьников «Газпром»,этап,"Первый (отборочный) этап по информатике, дистанционно",1 ноября 2026 - 15 января 2027,да,2026-10-07,https://olympiad.gazprom.ru/
69,51,Отраслевая олимпиада школьников «Газпром»,этап,"Второй (заключительный) этап по информатике, очно",дата уточняется организатором,нет,2026-10-07,https://olympiad.gazprom.ru/
70,52,Отраслевая физико-математическая олимпиада школьников «Росатом»,регистрация,,"окно записи организатор не публикует; запись на портале org.mephi.ru, при затруднениях участника записывают на месте тура",да,2026-09-27,https://olymp.mephi.ru/rosatom/about
70,52,Отраслевая физико-математическая олимпиада школьников «Росатом»,этап,"Отборочный тур по физике, очно в Москве","27 сентября 2026, НИЯУ МИФИ (Каширское шоссе, 31)",да,2026-09-27,https://olymp.mephi.ru/rosatom/about
70,52,Отраслевая физико-математическая олимпиада школьников «Росатом»,этап,"Отборочный тур по математике, очно в Москве и регионах; по физике — очно в регионах",ноябрь 2026,да,2026-09-27,https://olymp.mephi.ru/rosatom/about
70,52,Отраслевая физико-математическая олимпиада школьников «Росатом»,этап,Очно-заочные отборочные туры на базе филиалов НИЯУ МИФИ,ноябрь 2026,да,2026-09-27,https://olymp.mephi.ru/rosatom/about
70,52,Отраслевая физико-математическая олимпиада школьников «Росатом»,этап,Дистанционный отборочный тур по физике и математике,ноябрь — декабрь 2026,да,2026-09-27,https://olymp.mephi.ru/rosatom/about
70,52,Отраслевая физико-математическая олимпиада школьников «Росатом»,этап,Подведение итогов отборочных туров,январь 2027,да,2026-09-27,https://olymp.mephi.ru/rosatom/about
70,52,Отраслевая физико-математическая олимпиада школьников «Росатом»,этап,Заключительные туры по физике и математике,февраль 2027,да,2026-09-27,https://olymp.mephi.ru/rosatom/about
73,54,Региональный конкурс школьников Челябинского университетского образовательного округа,регистрация,,регистрация с 1 ноября 2026 на странице олимпиады; участникам прошлых лет — заново,да,2026-09-29,https://pre-univer.csu.ru/olymp/regcom/
73,54,Региональный конкурс школьников Челябинского университетского образовательного округа,этап,Регистрация,с 1 ноября 2026,да,2026-09-29,https://pre-univer.csu.ru/olymp/regcom/
73,54,Региональный конкурс школьников Челябинского университетского образовательного округа,этап,Первый (отборочный дистанционный) этап,1 декабря 2026 – 31 января 2027,да,2026-09-29,https://pre-univer.csu.ru/olymp/regcom/
73,54,Региональный конкурс школьников Челябинского университетского образовательного округа,этап,"Второй (заключительный очный) этап, иностранный язык",7 февраля 2027,да,2026-09-29,https://pre-univer.csu.ru/olymp/regcom/
73,54,Региональный конкурс школьников Челябинского университетского образовательного округа,этап,"Второй (заключительный очный) этап, обществознание",28 февраля 2027,да,2026-09-29,https://pre-univer.csu.ru/olymp/regcom/
75,55,Санкт-Петербургская олимпиада школьников,этап,Районный тур,14 ноября 2026 г.,да,2026-09-27,https://www.pdmi.ras.ru/~olymp/
75,55,Санкт-Петербургская олимпиада школьников,этап,Региональный этап Всероссийской олимпиады,январь – февраль 2027 г.,да,2026-09-27,https://www.pdmi.ras.ru/~olymp/
75,55,Санкт-Петербургская олимпиада школьников,этап,Региональный этап олимпиады имени Эйлера,январь – февраль 2027 г.,да,2026-09-27,https://www.pdmi.ras.ru/~olymp/
75,55,Санкт-Петербургская олимпиада школьников,этап,"Городской тур, 6-8 классы",февраль 2027 г.,да,2026-09-27,https://www.pdmi.ras.ru/~olymp/
75,55,Санкт-Петербургская олимпиада школьников,этап,"Городской тур, 9-11 классы",февраль – март 2027 г.,да,2026-09-27,https://www.pdmi.ras.ru/~olymp/
75,55,Санкт-Петербургская олимпиада школьников,этап,Заключительный этап олимпиады имени Эйлера,март 2027 г.,да,2026-09-27,https://www.pdmi.ras.ru/~olymp/
75,55,Санкт-Петербургская олимпиада школьников,этап,"Рамки отбора по регламенту, дни сезона ещё не объявлены по химии",ноябрь — декабрь 2026; точные дни сезона ещё не объявлены,нет,2026-10-06,https://olymp.academtalant.ru/chemspb
75,55,Санкт-Петербургская олимпиада школьников,этап,"Рамки финала по регламенту, дни сезона ещё не объявлены по химии",февраль — март 2027; точные дни сезона ещё не объявлены,нет,2026-10-06,https://olymp.academtalant.ru/chemspb
76,56,Северо-Восточная олимпиада школьников,регистрация,,По странице соорганизатора ТГУ: электронная регистрация и выполнение заданий на сайте главного организатора до 10 января 2027. Отборочный этап: 10 ноября 2026 - 10 января 2027. Начало регистрации и час закрытия отдельно не указаны. На 8 октября доступность кабинета не подтверждена: ссылка регистрации не отвечает.,да,2026-10-08,https://info.abiturient.tsu.ru/ru/content/olimp-SVOSh
76,56,Северо-Восточная олимпиада школьников,этап,"Электронная регистрация и выполнение заданий, родные языки",до 10 января 2027 по странице соорганизатора ТГУ; начало регистрации и час закрытия отдельно не указаны; на 8 октября доступность кабинета не подтверждена,да,2026-10-08,https://info.abiturient.tsu.ru/ru/content/olimp-SVOSh
76,56,Северо-Восточная олимпиада школьников,этап,"Отборочный этап, дистанционно, родные языки",10 ноября 2026 - 10 января 2027 по странице соорганизатора ТГУ; час закрытия не указан,да,2026-10-08,https://info.abiturient.tsu.ru/ru/content/olimp-SVOSh
76,56,Северо-Восточная олимпиада школьников,этап,"Заключительный этап, очно в ТГУ и на региональных площадках, родные языки",дата сезона 2026/27 в прочитанном объявлении не названа,нет,2026-10-08,https://info.abiturient.tsu.ru/ru/content/olimp-SVOSh
80,57,Телевизионная гуманитарная олимпиада школьников «Умницы и умники»,регистрация,,приём эссе — с момента объявления начала Олимпиады на сайте передачи до 1 июня,нет,2026-09-27,https://umniki.club/
80,57,Телевизионная гуманитарная олимпиада школьников «Умницы и умники»,этап,"Отборочный этап: конкурс эссе, 35 сезон",работы принимались до 31 мая 2026 — окно закрыто,да,2026-09-27,https://umniki.club/
80,57,Телевизионная гуманитарная олимпиада школьников «Умницы и умники»,этап,Отборочный этап: региональные туры,"по заявкам школ, с середины марта до 1 июня текущего года (рамка организатора, без года)",нет,2026-09-27,https://umniki.club/
80,57,Телевизионная гуманитарная олимпиада школьников «Умницы и умники»,этап,Заключительный этап: четвертьфиналы I блока,"сентябрь, три съёмочных дня (месяц без года)",нет,2026-09-27,https://umniki.club/
80,57,Телевизионная гуманитарная олимпиада школьников «Умницы и умники»,этап,Заключительный этап: четвертьфиналы II блока,"конец ноября — начало декабря, три съёмочных дня (месяц без года)",нет,2026-09-27,https://umniki.club/
80,57,Телевизионная гуманитарная олимпиада школьников «Умницы и умники»,этап,Заключительный этап: полуфиналы,февраль (месяц без года),нет,2026-09-27,https://umniki.club/
80,57,Телевизионная гуманитарная олимпиада школьников «Умницы и умники»,этап,Заключительный этап: финал,апрель (месяц без года),нет,2026-09-27,https://umniki.club/
81,58,Турнир городов,регистрация,,"участие оформляет местный оргкомитет; у турнира два варианта — базовый и сложный, каждый отдельно для 8–9 и 10–11 классов",да,2026-10-05,https://turgor.ru/
81,58,Турнир городов,этап,"Осенний тур, базовый вариант",4 октября 2026 г.,да,2026-10-05,https://turgor.ru/
81,58,Турнир городов,этап,"Осенний тур, сложный вариант",18 октября 2026 г.,да,2026-10-05,https://turgor.ru/
81,58,Турнир городов,этап,Весенний тур,будет объявлено позднее,нет,2026-10-05,https://turgor.ru/
81,58,Турнир городов,этап,"Заключительный устный тур, 11 класс",весной 2027 года,да,2026-10-05,https://turgor.ru/
82,59,Турнир имени М.В. Ломоносова,регистрация,,регистрация на осенний тур завершена 4 октября 2026 в 15:00 МСК; регистрация на весенний тур начнётся позже,да,2026-10-06,https://турлом.цпм.рф/
82,59,Турнир имени М.В. Ломоносова,этап,Регистрация,завершена 4 октября 2026 в 15:00 МСК,да,2026-10-06,https://турлом.цпм.рф/
82,59,Турнир имени М.В. Ломоносова,этап,Осенний турнир (XLIX),"4 октября 2026, старт с 7:00 МСК, 5 часов, окончание не позднее 15:00 МСК, 6–11 классы",да,2026-10-06,https://турлом.цпм.рф/
82,59,Турнир имени М.В. Ломоносова,этап,Весенний (заключительный) тур,"планируется 13 марта 2027, 10–11 классы, очно, старт 10:00 МСК, 5 часов; регистрация начнётся позже",нет,2026-10-06,https://турлом.цпм.рф/
82,59,Турнир имени М.В. Ломоносова,этап,Осенний тур по биологии (XLIX),"4 октября 2026, старт с 07:00 МСК,5 часов, завершение не позже 15:00 МСК; тур прошёл",да,2026-10-06,https://турлом.цпм.рф/
82,59,Турнир имени М.В. Ломоносова,этап,Весенний тур по биологии,"планируется 13 марта 2027,10-11 классы; регистрация позже; день не утверждён",нет,2026-10-06,https://турлом.цпм.рф/
82,59,Турнир имени М.В. Ломоносова,этап,"Весенний тур, план организатора по химии",13 марта 2027; регистрация позднее,нет,2026-10-06,https://турлом.цпм.рф/
83,60,Университетская олимпиада школьников «Бельчонок»,регистрация,,отборочный этап открыт с 1 октября 2026 по 12 января 2027; участие — через личный кабинет участника олимпиад СФУ,да,2026-10-02,https://dovuz.sfu.ru/abiturientu-sfu/olimpiady/belchonok/2026-2027-uchebnyy-god/
83,60,Университетская олимпиада школьников «Бельчонок»,этап,"Первый, отборочный этап","1 октября 2026 — 12 января 2027, дистанционно; доступ к заданиям закрывается в 17:00 по красноярскому времени (GMT+7)",да,2026-10-02,https://dovuz.sfu.ru/abiturientu-sfu/olimpiady/belchonok/2026-2027-uchebnyy-god/
83,60,Университетская олимпиада школьников «Бельчонок»,этап,Результаты отборочного этапа,18 января 2027,да,2026-10-02,https://dovuz.sfu.ru/abiturientu-sfu/olimpiady/belchonok/2026-2027-uchebnyy-god/
83,60,Университетская олимпиада школьников «Бельчонок»,этап,"Второй, заключительный этап — математика и физика","7 февраля 2027, очно в Красноярске и на региональных площадках",да,2026-10-02,https://dovuz.sfu.ru/abiturientu-sfu/olimpiady/belchonok/2026-2027-uchebnyy-god/
83,60,Университетская олимпиада школьников «Бельчонок»,этап,"Второй, заключительный этап — информатика и химия","14 февраля 2027, очно в Красноярске и на региональных площадках",да,2026-10-02,https://dovuz.sfu.ru/abiturientu-sfu/olimpiady/belchonok/2026-2027-uchebnyy-god/
83,60,Университетская олимпиада школьников «Бельчонок»,этап,Дистанционный отбор по химии,"1 октября 2026 — 12 января 2027, до 17:00 по красноярскому времени (GMT+7)",да,2026-10-06,https://dovuz.sfu.ru/abiturientu-sfu/olimpiady/belchonok/2026-2027-uchebnyy-god/
83,60,Университетская олимпиада школьников «Бельчонок»,этап,Результаты отбора по химии,18 января 2027,да,2026-10-06,https://dovuz.sfu.ru/abiturientu-sfu/olimpiady/belchonok/2026-2027-uchebnyy-god/
83,60,Университетская олимпиада школьников «Бельчонок»,этап,Заключительный этап по химии,14 февраля 2027,да,2026-10-06,https://dovuz.sfu.ru/abiturientu-sfu/olimpiady/belchonok/2026-2027-uchebnyy-god/
